{
    "@class": "com.kony.gen.viz.model.component.KVizButton",
    "DNDConfig": null,
    "__parentReadjusting__": false,
    "_height_": {
        "type": "string",
        "value": "50dp"
    },
    "_left_": {
        "type": "string",
        "value": "200dp"
    },
    "_margin_": [
        6,
        6,
        6,
        6
    ],
    "_padding_": [
        0,
        0,
        0,
        0
    ],
    "_skin_": "sf41f240abe14692af9e8278ff87c0a6",
    "_text_": "Clear All",
    "_top_": {
        "type": "string",
        "value": "445dp"
    },
    "_width_": {
        "type": "string",
        "value": "155dp"
    },
    "canUpdateUI": true,
    "containerweight": 100,
    "contentalignment": 5,
    "displaytext": true,
    "focusskin": "s1b72156eb9b4d6693e0ead1cce62600",
    "id": "btnClear",
    "ide_onClick": "AS_Button_ee4a766fd375498ab285d30a1bf17095",
    "info": null,
    "iscustomlayout": false,
    "isvisible": true,
    "kuid": "e83d8dd3e7d54eab894460ec4b9f9557",
    "name": "kony.ui.Button",
    "parent": "frmConfirm",
    "pf": "frmConfirm",
    "retaincontentalignment": false,
    "retainflexpositionproperties": false,
    "wType": "Button",
    "zindex": 1
}