{
    "@class": "com.kony.gen.viz.model.component.KVizButton",
    "DNDConfig": null,
    "__parentReadjusting__": false,
    "_height_": {
        "type": "string",
        "value": "50dp"
    },
    "_left_": {
        "type": "string",
        "value": "24dp"
    },
    "_margin_": [
        6,
        6,
        6,
        6
    ],
    "_padding_": [
        0,
        0,
        0,
        0
    ],
    "_skin_": "sf68f445c5514dbc9b15021028c3cc80",
    "_text_": "Go Back and Edit",
    "_top_": {
        "type": "string",
        "value": "445dp"
    },
    "_width_": {
        "type": "string",
        "value": "147dp"
    },
    "canUpdateUI": true,
    "containerweight": 100,
    "contentalignment": 5,
    "displaytext": true,
    "focusskin": "s1b72156eb9b4d6693e0ead1cce62600",
    "id": "btnGoBack",
    "ide_onClick": "AS_Button_i254a16b37ea44fb807dc27395fe5720",
    "info": null,
    "iscustomlayout": false,
    "isvisible": true,
    "kuid": "b8ab3ae1d60d4673a5935f69ce074112",
    "name": "kony.ui.Button",
    "parent": "frmConfirm",
    "pf": "frmConfirm",
    "retaincontentalignment": false,
    "retainflexpositionproperties": false,
    "wType": "Button",
    "zindex": 1
}