{
    "@class": "com.kony.gen.viz.model.component.KVizButton",
    "DNDConfig": null,
    "__parentReadjusting__": false,
    "_height_": {
        "type": "string",
        "value": "50dp"
    },
    "_left_": {
        "type": "string",
        "value": "86dp"
    },
    "_margin_": [
        6,
        6,
        6,
        6
    ],
    "_padding_": [
        0,
        0,
        0,
        0
    ],
    "_skin_": "sf41f240abe14692af9e8278ff87c0a6",
    "_text_": "Proceed",
    "_top_": {
        "type": "string",
        "value": "348dp"
    },
    "_width_": {
        "type": "string",
        "value": "203dp"
    },
    "canUpdateUI": true,
    "containerweight": 100,
    "contentalignment": 5,
    "displaytext": true,
    "focusskin": "s1b72156eb9b4d6693e0ead1cce62600",
    "id": "btnProceed",
    "ide_onClick": "AS_Button_b3c99996892f4acc9ea41816bb3b0ec0",
    "info": null,
    "iscustomlayout": false,
    "isvisible": true,
    "kuid": "ae20a7f5796941bb863d18473bccde02",
    "name": "kony.ui.Button",
    "parent": "frmConfirm",
    "pf": "frmConfirm",
    "retaincontentalignment": false,
    "retainflexpositionproperties": false,
    "wType": "Button",
    "zindex": 1
}