{
  "android": {
    "font_name": "default",
    "font_size": 116,
    "isForked": false
  },
  "androidwearos": {
    "font_name": "default",
    "font_size": 118,
    "isForked": false
  },
  "background_color": "ffffffff",
  "bg_type": "one",
  "border_color": "333333ff",
  "border_style": "plain",
  "border_type": 0,
  "border_width": 1,
  "desktopweb": {
    "font_name": "Helvetica",
    "font_size": 406,
    "isForked": false
  },
  "fontSizeInPx": true,
  "font_color": "3d3c3dff",
  "font_name": "iphoneSystem",
  "font_size": 155,
  "font_style": "normal",
  "font_weight": "normal",
  "ipad": {
    "font_name": "System",
    "font_size": 232,
    "isForked": false
  },
  "iphone": {
    "font_name": "Verdana",
    "font_size": 155,
    "isForked": false
  },
  "isDefaultSkin": false,
  "kiosk": {
    "font_name": "None",
    "font_size": 406,
    "isForked": false
  },
  "kuid": "sda73306cf09490eb35a9847d1a1a7e2",
  "spaan": {
    "font_name": "Helvetica",
    "font_size": 217,
    "isForked": false
  },
  "spaandroidtablet": {
    "font_name": "Helvetica",
    "font_size": 203,
    "isForked": false
  },
  "spabb": {
    "font_name": "Helvetica",
    "font_size": 250,
    "isForked": false
  },
  "spaip": {
    "font_name": "Helvetica",
    "font_size": 271,
    "isForked": false
  },
  "spaipad": {
    "font_name": "Helvetica",
    "font_size": 191,
    "isForked": false
  },
  "spawindowstablet": {
    "font_name": "Helvetica",
    "font_size": 191,
    "isForked": false
  },
  "spawinphone8": {
    "font_name": "Helvetica",
    "font_size": 271,
    "isForked": false
  },
  "tabrcandroid": {
    "font_name": "default",
    "font_size": 385,
    "isForked": false
  },
  "wType": "TextField",
  "watchos": {
    "font_name": "System",
    "font_size": 232,
    "isForked": false
  },
  "windows8": {
    "font_name": "None",
    "font_size": 159,
    "isForked": false
  },
  "winphone8": {
    "font_name": "None",
    "font_size": 217,
    "isForked": false
  }
}