{
  "android": {
    "font_name": "default"
  },
  "androidwearos": {
    "font_name": "default"
  },
  "background_color": "c7c3c7ff",
  "bg_type": "one",
  "border_color": "ffffffff",
  "border_radius": 50,
  "border_style": "custom",
  "border_type": 0,
  "border_width": 2,
  "desktopweb": {
    "font_name": "Helvetica"
  },
  "font_color": "050405ff",
  "font_name": "iphoneSystem",
  "font_size": 150,
  "font_style": "normal",
  "font_weight": "normal",
  "ipad": {
    "font_name": "System"
  },
  "iphone": {
    "font_name": "Verdana"
  },
  "isDefaultSkin": false,
  "kiosk": {
    "font_name": "None"
  },
  "kuid": "s0e1d0088c3a4ed38fbb2594e1693a6f",
  "spaan": {
    "font_name": "Helvetica"
  },
  "spaandroidtablet": {
    "font_name": "Helvetica"
  },
  "spabb": {
    "font_name": "Helvetica"
  },
  "spaip": {
    "font_name": "Helvetica"
  },
  "spaipad": {
    "font_name": "Helvetica"
  },
  "spawindowstablet": {
    "font_name": "Helvetica"
  },
  "spawinphone8": {
    "font_name": "Helvetica"
  },
  "tabrcandroid": {
    "font_name": "default"
  },
  "wType": "Button",
  "watchos": {
    "font_name": "System"
  },
  "windows8": {
    "font_name": "None"
  },
  "winphone8": {
    "font_name": "None"
  }
}