{
  "android": {
    "font_name": "default",
    "font_size": 100,
    "isForked": false
  },
  "androidwearos": {
    "font_name": "default"
  },
  "background_color": "ffffffff",
  "bg_type": "one",
  "border_color": "000000ff",
  "border_style": "plain",
  "border_type": 0,
  "border_width": 0,
  "desktopweb": {
    "font_name": "Helvetica",
    "font_size": 100,
    "isForked": false
  },
  "fontSizeInPx": false,
  "font_size": 100,
  "ipad": {
    "font_name": "System",
    "font_size": 100,
    "isForked": false
  },
  "iphone": {
    "font_name": "System",
    "font_size": 100,
    "isForked": false
  },
  "isDefaultSkin": false,
  "kiosk": {
    "font_name": "None",
    "font_size": 100,
    "isForked": false
  },
  "kuid": "s48d2c6a0dd14c318fc9d90bb9707cb5",
  "spaan": {
    "font_name": "Helvetica",
    "font_size": 100,
    "isForked": false
  },
  "spaandroidtablet": {
    "font_name": "Helvetica",
    "font_size": 100,
    "isForked": false
  },
  "spabb": {
    "font_name": "Helvetica",
    "font_size": 100,
    "isForked": false
  },
  "spaip": {
    "font_name": "Helvetica",
    "font_size": 100,
    "isForked": false
  },
  "spaipad": {
    "font_name": "Helvetica",
    "font_size": 100,
    "isForked": false
  },
  "spawindowstablet": {
    "font_name": "Helvetica",
    "font_size": 100,
    "isForked": false
  },
  "spawinphone8": {
    "font_name": "Helvetica",
    "font_size": 100,
    "isForked": false
  },
  "tabrcandroid": {
    "font_name": "default",
    "font_size": 100,
    "isForked": false
  },
  "wType": "Segment",
  "watchos": {
    "font_name": "System",
    "font_size": 100,
    "isForked": false
  },
  "windows8": {
    "font_name": "None",
    "font_size": 100,
    "isForked": false
  },
  "winphone8": {
    "font_name": "None",
    "font_size": 100,
    "isForked": false
  }
}