{
  "androidwearos": {
    "background_color": "ffffffff",
    "bg_type": "one",
    "font_name": "default",
    "font_size": 150,
    "isForked": true
  },
  "background_color": "00000000",
  "bg_type": "one",
  "border_color": "424242ff",
  "border_style": "plain",
  "border_type": 0,
  "border_width": 0,
  "delinkedPltfrms": {
    "desktop": [],
    "mobile": [
      "iphone"
    ],
    "tablet": [],
    "watch": []
  },
  "desktopweb": {
    "background_color": "4b88f100",
    "bg_type": "one",
    "font_color": "333333ff",
    "font_name": "FontAwesome",
    "font_size": 180,
    "font_style": "italic",
    "font_weight": "bold",
    "isForked": true,
    "text_shadow": {
      "br": 0,
      "color": "000000",
      "opacity": 1,
      "x": 0,
      "y": 0
    }
  },
  "fontSizeInPx": false,
  "font_color": "333333ff",
  "font_name": "iphoneSystem",
  "font_size": 150,
  "font_style": "normal",
  "font_weight": "normal",
  "ipad": {
    "background_color": "4b88f100",
    "bg_type": "one",
    "border_color": "4b88f199",
    "border_style": "plain",
    "border_type": 0,
    "font_color": "333333ff",
    "font_name": "FontAwesome",
    "font_size": 180,
    "isForked": true,
    "text_shadow": {
      "br": 0,
      "color": "000000",
      "opacity": 1,
      "x": 0,
      "y": 0
    }
  },
  "iphone": {
    "isForked": true
  },
  "isDefaultSkin": false,
  "kiosk": {
    "background_color": "4b88f100",
    "bg_type": "one",
    "border_color": "4b88f199",
    "border_style": "plain",
    "border_type": 0,
    "font_color": "333333ff",
    "font_name": "FontAwesome",
    "font_size": 180,
    "font_style": "italic",
    "font_weight": "bold",
    "isForked": true
  },
  "kuid": "saeb020fbd4e491c905a89ee6b2a7cb7",
  "spaandroidtablet": {
    "background_color": "4b88f100",
    "bg_type": "one",
    "font_color": "333333ff",
    "font_name": "FontAwesome",
    "font_size": 180,
    "font_style": "italic",
    "font_weight": "bold",
    "isForked": true,
    "text_shadow": {
      "br": 0,
      "color": "000000",
      "opacity": 1,
      "x": 0,
      "y": 0
    }
  },
  "spaipad": {
    "background_color": "4b88f100",
    "bg_type": "one",
    "font_color": "333333ff",
    "font_name": "FontAwesome",
    "font_size": 180,
    "font_style": "italic",
    "font_weight": "bold",
    "isForked": true,
    "text_shadow": {
      "br": 0,
      "color": "000000",
      "opacity": 1,
      "x": 0,
      "y": 0
    }
  },
  "spawindowstablet": {
    "background_color": "4b88f100",
    "bg_type": "one",
    "font_color": "333333ff",
    "font_name": "FontAwesome",
    "font_size": 180,
    "font_style": "italic",
    "font_weight": "bold",
    "isForked": true,
    "text_shadow": {
      "br": 0,
      "color": "000000",
      "opacity": 1,
      "x": 0,
      "y": 0
    }
  },
  "tabrcandroid": {
    "background_color": "4b88f100",
    "bg_type": "one",
    "border_color": "4b88f199",
    "border_style": "plain",
    "border_type": 0,
    "font_color": "333333ff",
    "font_name": "FontAwesome",
    "font_size": 180,
    "font_style": "italic",
    "font_weight": "bold",
    "isForked": true,
    "text_shadow": {
      "br": 0,
      "color": "000000",
      "opacity": 1,
      "x": 0,
      "y": 0
    }
  },
  "wType": "Label",
  "watchos": {
    "font_color": "333333ff",
    "font_name": "FontAwesome",
    "font_size": 180,
    "font_weight": "bold",
    "isForked": true
  },
  "windows8": {
    "background_color": "4b88f100",
    "bg_type": "one",
    "border_color": "4b88f199",
    "border_style": "plain",
    "border_type": 0,
    "font_color": "333333ff",
    "font_name": "FontAwesome",
    "font_size": 180,
    "font_style": "italic",
    "font_weight": "bold",
    "isForked": true
  }
}