{
  "android": {
    "font_name": "default",
    "font_size": 120,
    "isForked": false
  },
  "background_color": "ffffffff",
  "bg_type": "one",
  "border_color": "333333ff",
  "border_style": "plain",
  "border_type": 0,
  "border_width": 1,
  "desktopweb": {
    "font_name": "Helvetica",
    "font_size": 120,
    "isForked": false
  },
  "fontSizeInPx": false,
  "font_color": "333333ff",
  "font_name": "Helvetica",
  "font_size": 120,
  "font_style": "normal",
  "font_weight": "normal",
  "ipad": {
    "font_name": "Helvetica",
    "font_size": 120,
    "isForked": false
  },
  "iphone": {
    "font_name": "Verdana-Bold",
    "font_size": 120,
    "isForked": false
  },
  "isDefaultSkin": false,
  "kiosk": {
    "font_name": "None",
    "font_size": 120,
    "isForked": false
  },
  "kuid": "sdef20e0de3342589c73778fadf755ee",
  "spaan": {
    "font_name": "Helvetica",
    "font_size": 120,
    "isForked": false
  },
  "spaandroidtablet": {
    "font_name": "Helvetica",
    "font_size": 120,
    "isForked": false
  },
  "spabb": {
    "font_name": "Helvetica",
    "font_size": 120,
    "isForked": false
  },
  "spaip": {
    "font_name": "Helvetica",
    "font_size": 120,
    "isForked": false
  },
  "spaipad": {
    "font_name": "Helvetica",
    "font_size": 120,
    "isForked": false
  },
  "spawindowstablet": {
    "font_name": "Helvetica",
    "font_size": 120,
    "isForked": false
  },
  "spawinphone8": {
    "font_name": "Helvetica",
    "font_size": 120,
    "isForked": false
  },
  "tabrcandroid": {
    "font_name": "default",
    "font_size": 120,
    "isForked": false
  },
  "wType": "TextArea",
  "watchos": {
    "font_name": "System",
    "font_size": 120,
    "isForked": false
  },
  "windows8": {
    "font_name": "None",
    "font_size": 120,
    "isForked": false
  },
  "winphone8": {
    "font_name": "None",
    "font_size": 120,
    "isForked": false
  }
}