{
  "android": {
    "font_name": "default",
    "font_size": 143,
    "isForked": false
  },
  "androidwearos": {
    "font_name": "default",
    "font_size": 120,
    "isForked": false
  },
  "background_color": "6b676b00",
  "bg_type": "one",
  "border_color": "424242ff",
  "border_style": "plain",
  "border_type": 0,
  "border_width": 0,
  "desktopweb": {
    "font_name": "Helvetica",
    "font_size": 500,
    "isForked": false
  },
  "fontSizeInPx": true,
  "font_color": "616061ff",
  "font_name": "iphoneSystem",
  "font_size": 190,
  "font_style": "normal",
  "font_weight": "bold",
  "ipad": {
    "font_name": "System",
    "font_size": 286,
    "isForked": false
  },
  "iphone": {
    "font_name": "Verdana-Bold",
    "font_size": 190,
    "isForked": false
  },
  "isDefaultSkin": false,
  "kiosk": {
    "font_name": "None",
    "font_size": 500,
    "isForked": false
  },
  "kuid": "s8b4b5385f29464fa3a35752c8398369",
  "spaan": {
    "font_name": "Helvetica",
    "font_size": 267,
    "isForked": false
  },
  "spaandroidtablet": {
    "font_name": "Helvetica",
    "font_size": 250,
    "isForked": false
  },
  "spabb": {
    "font_name": "Helvetica",
    "font_size": 308,
    "isForked": false
  },
  "spaip": {
    "font_name": "Helvetica",
    "font_size": 333,
    "isForked": false
  },
  "spaipad": {
    "font_name": "Helvetica",
    "font_size": 235,
    "isForked": false
  },
  "spawindowstablet": {
    "font_name": "Helvetica",
    "font_size": 235,
    "isForked": false
  },
  "spawinphone8": {
    "font_name": "Helvetica",
    "font_size": 333,
    "isForked": false
  },
  "tabrcandroid": {
    "font_name": "default",
    "font_size": 474,
    "isForked": false
  },
  "wType": "Label",
  "watchos": {
    "font_name": "System",
    "font_size": 286,
    "isForked": false
  },
  "windows8": {
    "font_name": "None",
    "font_size": 195,
    "isForked": false
  },
  "winphone8": {
    "font_name": "None",
    "font_size": 267,
    "isForked": false
  }
}