{
  "android": {
    "font_name": "default",
    "font_size": 160,
    "isForked": false
  },
  "androidwearos": {
    "font_name": "default",
    "font_size": 120,
    "isForked": false
  },
  "background_color": "6b676b00",
  "bg_type": "one",
  "border_color": "424242ff",
  "border_style": "plain",
  "border_type": 0,
  "border_width": 0,
  "desktopweb": {
    "font_name": "Helvetica",
    "font_size": 160,
    "isForked": false
  },
  "fontSizeInPx": false,
  "font_color": "757575ff",
  "font_name": "iphoneSystem",
  "font_size": 160,
  "font_style": "normal",
  "font_weight": "bold",
  "ipad": {
    "font_name": "System",
    "font_size": 160,
    "isForked": false
  },
  "iphone": {
    "font_name": "Verdana",
    "font_size": 160,
    "isForked": false
  },
  "isDefaultSkin": false,
  "kiosk": {
    "font_name": "None",
    "font_size": 160,
    "isForked": false
  },
  "kuid": "s3e8495ceb5e470e86b2d901a42348cf",
  "spaan": {
    "font_name": "Helvetica",
    "font_size": 160,
    "isForked": false
  },
  "spaandroidtablet": {
    "font_name": "Helvetica",
    "font_size": 160,
    "isForked": false
  },
  "spabb": {
    "font_name": "Helvetica",
    "font_size": 160,
    "isForked": false
  },
  "spaip": {
    "font_name": "Helvetica",
    "font_size": 160,
    "isForked": false
  },
  "spaipad": {
    "font_name": "Helvetica",
    "font_size": 160,
    "isForked": false
  },
  "spawindowstablet": {
    "font_name": "Helvetica",
    "font_size": 160,
    "isForked": false
  },
  "spawinphone8": {
    "font_name": "Helvetica",
    "font_size": 160,
    "isForked": false
  },
  "tabrcandroid": {
    "font_name": "default",
    "font_size": 160,
    "isForked": false
  },
  "wType": "Label",
  "watchos": {
    "font_name": "System",
    "font_size": 160,
    "isForked": false
  },
  "windows8": {
    "font_name": "None",
    "font_size": 160,
    "isForked": false
  },
  "winphone8": {
    "font_name": "None",
    "font_size": 160,
    "isForked": false
  }
}