{
  "android": {
    "font_name": "default",
    "font_size": 116,
    "isForked": false
  },
  "androidwearos": {
    "font_name": "default",
    "font_size": 120,
    "isForked": false
  },
  "background_color": "6b676b00",
  "bg_type": "one",
  "border_color": "424242ff",
  "border_style": "plain",
  "border_type": 0,
  "border_width": 0,
  "desktopweb": {
    "font_name": "Helvetica",
    "font_size": 406,
    "isForked": false
  },
  "fontSizeInPx": true,
  "font_color": "757575ff",
  "font_name": "iphoneSystem",
  "font_size": 155,
  "font_style": "normal",
  "font_weight": "bold",
  "ipad": {
    "font_name": "System",
    "font_size": 232,
    "isForked": false
  },
  "iphone": {
    "font_name": "Verdana-Italic",
    "font_size": 155,
    "isForked": false
  },
  "isDefaultSkin": false,
  "kiosk": {
    "font_name": "None",
    "font_size": 406,
    "isForked": false
  },
  "kuid": "s7b0e0933541455088f0d0c2cc738d91",
  "spaan": {
    "font_name": "Helvetica",
    "font_size": 217,
    "isForked": false
  },
  "spaandroidtablet": {
    "font_name": "Helvetica",
    "font_size": 203,
    "isForked": false
  },
  "spabb": {
    "font_name": "Helvetica",
    "font_size": 250,
    "isForked": false
  },
  "spaip": {
    "font_name": "Helvetica",
    "font_size": 271,
    "isForked": false
  },
  "spaipad": {
    "font_name": "Helvetica",
    "font_size": 191,
    "isForked": false
  },
  "spawindowstablet": {
    "font_name": "Helvetica",
    "font_size": 191,
    "isForked": false
  },
  "spawinphone8": {
    "font_name": "Helvetica",
    "font_size": 271,
    "isForked": false
  },
  "tabrcandroid": {
    "font_name": "default",
    "font_size": 385,
    "isForked": false
  },
  "wType": "Label",
  "watchos": {
    "font_name": "System",
    "font_size": 232,
    "isForked": false
  },
  "windows8": {
    "font_name": "None",
    "font_size": 159,
    "isForked": false
  },
  "winphone8": {
    "font_name": "None",
    "font_size": 217,
    "isForked": false
  }
}