{
    "@class": "com.kony.gen.viz.model.component.KVizCheckBox",
    "DNDConfig": null,
    "__parentReadjusting__": false,
    "_height_": {
        "type": "string",
        "value": "120dp"
    },
    "_left_": {
        "type": "string",
        "value": "4dp"
    },
    "_margin_": [
        0,
        0,
        0,
        0
    ],
    "_padding_": [
        0,
        0,
        0,
        0
    ],
    "_skin_": "s643ffa9b6e44ad7a9e2b8c64fe36a9a",
    "_top_": {
        "type": "string",
        "value": "30dp"
    },
    "_width_": {
        "type": "string",
        "value": "97.78%"
    },
    "canUpdateUI": true,
    "containerweight": 100,
    "id": "cuisineCheck",
    "info": null,
    "ipad": {
        "psp": {
            "viewType": 4
        }
    },
    "iphone": {
        "psp": {
            "viewType": 4
        }
    },
    "iscustomlayout": false,
    "isvisible": true,
    "itemorientation": "vertical",
    "kuid": "h2f2d35d90ca422584cdcca97e556728",
    "masterdata": [
        [
            "cbg1",
            "Asia"
        ],
        [
            "cbg2",
            "Indian"
        ],
        [
            "cbg3",
            "Italian"
        ]
    ],
    "name": "kony.ui.CheckBoxGroup",
    "orientation": "vertical",
    "parent": "worldContainer",
    "pf": "frmCate",
    "retaincontentalignment": false,
    "retainflexpositionproperties": false,
    "selectedkey": null,
    "selectedkeys": [],
    "selectedkeyvalue": null,
    "selectedkeyvalues": null,
    "size": 18,
    "viewtype": 0,
    "wType": "CheckBoxGroup",
    "widgetalignment": 5,
    "zindex": 1
}