{
    "@class": "com.kony.gen.viz.model.component.KVizButton",
    "DNDConfig": null,
    "__parentReadjusting__": false,
    "_height_": {
        "type": "string",
        "value": "50dp"
    },
    "_left_": {
        "type": "string",
        "value": "58dp"
    },
    "_margin_": [
        6,
        6,
        6,
        6
    ],
    "_padding_": [
        0,
        0,
        0,
        0
    ],
    "_skin_": "s8855abae55742d49ebda038ba479009",
    "_text_": "Done",
    "_top_": {
        "type": "string",
        "value": "520dp"
    },
    "_width_": {
        "type": "string",
        "value": "150dp"
    },
    "canUpdateUI": true,
    "centerx": {
        "type": "string",
        "value": "50%"
    },
    "containerweight": 100,
    "contentalignment": 5,
    "displaytext": true,
    "focusskin": "s1b72156eb9b4d6693e0ead1cce62600",
    "id": "doneBtn",
    "ide_onClick": "AS_Button_fde280f37e5d4363b4c695587f5ead24",
    "info": null,
    "iscustomlayout": false,
    "isvisible": true,
    "kuid": "deeb277952794b98866a60171c79cc0a",
    "name": "kony.ui.Button",
    "parent": "frmCate",
    "pf": "frmCate",
    "retaincontentalignment": false,
    "retainflexpositionproperties": false,
    "wType": "Button",
    "zindex": 1
}