{
    "DNDConfig": null,
    "__parentReadjusting__": false,
    "_height_": {
        "type": "string",
        "value": "100%"
    },
    "_left_": {
        "type": "string",
        "value": "-100%"
    },
    "_margin_": [
        0,
        0,
        0,
        0
    ],
    "_orientation_": 6,
    "_padding_": [
        0,
        0,
        0,
        0
    ],
    "_percent_": true,
    "_skin_": "s0ed008419854cccbd0c536393e64258",
    "_top_": {
        "type": "string",
        "value": "0%"
    },
    "_width_": {
        "type": "string",
        "value": "100%"
    },
    "allboxes": [],
    "autogrowmode": 0,
    "canUpdateUI": true,
    "children": [
        "menusegment"
    ],
    "clipbounds": true,
    "containerweight": 100,
    "enablescrolling": true,
    "id": "menubar",
    "ide_onTouchStart": "AS_FlexContainer_bbe9133326d94cf28ef92a349fec1b5e",
    "info": null,
    "iscustomlayout": false,
    "isvisible": true,
    "kuid": "c29d9dbdd50e401dae3b9f8fa1964b61",
    "layouttype": 2,
    "name": "kony.ui.FlexContainer",
    "parent": "frmCate",
    "pf": "frmCate",
    "retaincontentalignment": false,
    "retainflexpositionproperties": false,
    "snapgridsize": 10,
    "snaptogrid": true,
    "wType": "FlexContainer",
    "widgetalignment": 1,
    "zindex": 2
}