{
    "@class": "com.kony.gen.viz.model.component.KVizButton",
    "DNDConfig": null,
    "__parentReadjusting__": false,
    "_height_": {
        "type": "string",
        "value": "25dp"
    },
    "_left_": {
        "type": "string",
        "value": "285dp"
    },
    "_margin_": [
        6,
        6,
        6,
        6
    ],
    "_padding_": [
        0,
        0,
        0,
        0
    ],
    "_skin_": "scc6d37847fe4426928cb3f2e4245d2b",
    "_text_": "skip",
    "_top_": {
        "type": "string",
        "value": "19dp"
    },
    "_width_": {
        "type": "string",
        "value": "80dp"
    },
    "canUpdateUI": true,
    "containerweight": 100,
    "contentalignment": 5,
    "displaytext": true,
    "focusskin": "s1b72156eb9b4d6693e0ead1cce62600",
    "id": "skipBtn",
    "ide_onClick": "AS_Button_jd173020fac449bb9d2462b927ee7d96",
    "info": null,
    "iscustomlayout": false,
    "isvisible": true,
    "kuid": "f2c6d28dd6224bbb9f2d2b75d97a771f",
    "name": "kony.ui.Button",
    "parent": "frmCate",
    "pf": "frmCate",
    "retaincontentalignment": false,
    "retainflexpositionproperties": false,
    "wType": "Button",
    "zindex": 1
}