{
    "@class": "com.kony.gen.viz.model.component.KVizButton",
    "DNDConfig": null,
    "__parentReadjusting__": false,
    "_height_": {
        "type": "string",
        "value": "50dp"
    },
    "_left_": {
        "type": "string",
        "value": "29.59%"
    },
    "_margin_": [
        6,
        6,
        6,
        6
    ],
    "_padding_": [
        0,
        0,
        0,
        0
    ],
    "_right_": {
        "type": "string",
        "value": "7%"
    },
    "_skin_": "sc0ab7e7e15b4cb1a6a1a6aa2690664b",
    "_text_": "Confirm",
    "_top_": {
        "type": "string",
        "value": "490dp"
    },
    "_width_": {
        "type": "string",
        "value": "40.95%"
    },
    "canUpdateUI": true,
    "containerweight": 100,
    "contentalignment": 5,
    "displaytext": true,
    "focusskin": "s1b72156eb9b4d6693e0ead1cce62600",
    "id": "btnConfirm",
    "ide_onClick": "AS_Button_i5eedad387324230b85537acafbb23fd",
    "info": null,
    "iscustomlayout": false,
    "isvisible": true,
    "kuid": "ca608d6057c34644baf5b39d89b7a6e5",
    "name": "kony.ui.Button",
    "parent": "frmIngredient",
    "pf": "frmIngredient",
    "retaincontentalignment": false,
    "retainflexpositionproperties": false,
    "wType": "Button",
    "zindex": 1
}