{
    "@class": "com.kony.gen.viz.model.container.KVizSegment2",
    "DNDConfig": null,
    "__parentReadjusting__": false,
    "_data_": [
        {
            "Label0f70052d439944c": {
                "@class": "com.viz.ide.model.segment.SimpleTextSegmentData",
                "text": "Home"
            }
        },
        {
            "Label0f70052d439944c": {
                "@class": "com.viz.ide.model.segment.SimpleTextSegmentData",
                "text": "Saved Recipes"
            }
        },
        {
            "Label0f70052d439944c": {
                "@class": "com.viz.ide.model.segment.SimpleTextSegmentData",
                "text": "Preference"
            }
        },
        {
            "Label0f70052d439944c": {
                "@class": "com.viz.ide.model.segment.SimpleTextSegmentData",
                "text": "Privacy Notice"
            }
        }
    ],
    "_height_": {
        "type": "string",
        "value": "100%"
    },
    "_indicator_": "none",
    "_left_": {
        "type": "string",
        "value": "0dp"
    },
    "_margin_": [
        0,
        0,
        0,
        0
    ],
    "_orientation_": 2,
    "_padding_": [
        0,
        0,
        0,
        0
    ],
    "_top_": {
        "type": "string",
        "value": "0dp"
    },
    "_width_": {
        "type": "string",
        "value": "80%"
    },
    "autogrowmode": 0,
    "canUpdateUI": true,
    "containerweight": 100,
    "counter": "03",
    "focusedindex": null,
    "focuseditem": null,
    "groupcells": false,
    "hasSections": false,
    "id": "menusegment",
    "ide_onRowClick": "AS_Segment_e941bd976dda45f1ba0b33081d88f53b",
    "info": null,
    "ipad": {
        "psp": {
            "indicator": "rowselect"
        }
    },
    "iphone": {
        "psp": {
            "indicator": "rowselect"
        }
    },
    "iscustomlayout": false,
    "isvisible": true,
    "kuid": "ba30097c3a224423a95825c5af83cece",
    "masterdata": {},
    "name": "kony.ui.SegmentedUI2",
    "needpageindicator": true,
    "pageoffdotimage": "pageoffdot.png",
    "pageondotimage": "pageondot.png",
    "paginationconfig": {
        "position": "bottom"
    },
    "parent": "menubar",
    "pf": "frmIngredient",
    "retaincontentalignment": false,
    "retainflexpositionproperties": false,
    "retainselection": false,
    "rowTemplateId": "a3ba9254e7a64fc690c01c118bcd3060",
    "rowcounter": 3,
    "rowfocusskin": "s0f3437cf408452d98069e561877f2f2",
    "rowskin": "s68590cab773409b83b07b3efe66f30b",
    "rowtemplate": "FlexContainer0g831f206ef0542",
    "screenlevelwidget": false,
    "seccounter": 0,
    "sectionHeaderTemplateId": null,
    "sectionheaderskin": "s18da6af580d461fa89b14e4df5f3372",
    "selectedRows": null,
    "selectedState": false,
    "selectedindex": null,
    "selectedindices": null,
    "selecteditems": null,
    "selectedsectionindex": 0,
    "selectionbehavior": "default",
    "separatorcolor": "aaaaaa00",
    "separatorrequired": true,
    "separatorthickness": 0,
    "showscrollbars": false,
    "viewtype": "tableview",
    "wType": "Segment",
    "widgetalignment": 5,
    "widgetdatamap": {
        "FlexContainer0g831f206ef0542": "FlexContainer0g831f206ef0542",
        "Label0f70052d439944c": "Label0f70052d439944c"
    },
    "widgetskin": "se781bca9d854e2bb80666a1259ae504",
    "zindex": 1
}