{
    "DNDConfig": null,
    "__parentReadjusting__": false,
    "_height_": {
        "type": "string",
        "value": "100%"
    },
    "_left_": {
        "type": "string",
        "value": "-100%"
    },
    "_margin_": [
        0,
        0,
        0,
        0
    ],
    "_orientation_": 6,
    "_padding_": [
        0,
        0,
        0,
        0
    ],
    "_percent_": true,
    "_skin_": "se2c60ea129c47b59a9673dcfa012374",
    "_top_": {
        "type": "string",
        "value": "0%"
    },
    "_width_": {
        "type": "string",
        "value": "100%"
    },
    "allboxes": [],
    "autogrowmode": 0,
    "canUpdateUI": true,
    "children": [
        "menusegment"
    ],
    "clipbounds": true,
    "containerweight": 100,
    "enablescrolling": true,
    "id": "menubar",
    "ide_onClick": "AS_FlexContainer_e192bb84e90e4a92a9cc9ddb69ea7af7",
    "ide_onTouchStart": "AS_FlexContainer_de2e5bb0b70f49f1a22f37970925a050",
    "info": null,
    "iscustomlayout": false,
    "isvisible": true,
    "kuid": "e03f73b0688d4f2fa6f9005cb065c69e",
    "layouttype": 2,
    "name": "kony.ui.FlexContainer",
    "parent": "frmIngredient",
    "pf": "frmIngredient",
    "retaincontentalignment": false,
    "retainflexpositionproperties": false,
    "snapgridsize": 10,
    "snaptogrid": true,
    "wType": "FlexContainer",
    "widgetalignment": 1,
    "zindex": 1
}