{
    "@class": "com.kony.gen.viz.model.component.KVizTextBox2",
    "DNDConfig": null,
    "__parentReadjusting__": false,
    "_height_": {
        "type": "string",
        "value": "40dp"
    },
    "_left_": {
        "type": "string",
        "value": "2%"
    },
    "_margin_": [
        0,
        0,
        0,
        0
    ],
    "_padding_": [
        3,
        0,
        0,
        0
    ],
    "_placeholder_": "Please enter meat...",
    "_skin_": "sd6bf82ecbf1427394dd319152955225",
    "_text_": "",
    "_top_": {
        "type": "string",
        "value": "368dp"
    },
    "_width_": {
        "type": "string",
        "value": "96%"
    },
    "autocapitalize": "none",
    "autocomplete": false,
    "autocorrect": false,
    "autofilter": false,
    "canUpdateUI": true,
    "containerheight": "",
    "containerheightmode": 1,
    "containerweight": 100,
    "contentalignment": 4,
    "focusskin": "s3de4b40f5264a3b815625c31d03d1c2",
    "id": "tx1",
    "info": null,
    "iscustomlayout": false,
    "isvisible": true,
    "keyboardtype": "A",
    "kuid": "jeadb4b0705340709b81074fa7120800",
    "mode": "A",
    "name": "kony.ui.TextBox2",
    "parent": "frmIngredient",
    "pf": "frmIngredient",
    "placeholderskin": "s0470652fed94ed6b33146ae1eca14ff",
    "retaincontentalignment": false,
    "retainflexpositionproperties": false,
    "securetextentry": false,
    "textinputmode": "A",
    "tooltip": "",
    "viewtype": "default",
    "wType": "TextField",
    "zindex": 1
}