{
    "DNDConfig": null,
    "__parentReadjusting__": false,
    "_height_": {
        "type": "string",
        "value": "100%"
    },
    "_left_": {
        "type": "string",
        "value": "-100%"
    },
    "_margin_": [
        0,
        0,
        0,
        0
    ],
    "_orientation_": 6,
    "_padding_": [
        0,
        0,
        0,
        0
    ],
    "_percent_": true,
    "_skin_": "se2c60ea129c47b59a9673dcfa012374",
    "_top_": {
        "type": "string",
        "value": "0%"
    },
    "_width_": {
        "type": "string",
        "value": "100%"
    },
    "allboxes": [],
    "autogrowmode": 0,
    "canUpdateUI": true,
    "children": [
        "menusegment"
    ],
    "clipbounds": true,
    "containerweight": 100,
    "enablescrolling": true,
    "id": "menubar",
    "ide_onClick": "AS_FlexContainer_b4ea1d758534471287c0c3109fcecc2d",
    "info": null,
    "iscustomlayout": false,
    "isvisible": true,
    "kuid": "ca8092f8bff24fd5bfa935a31018ba7e",
    "layouttype": 2,
    "name": "kony.ui.FlexContainer",
    "parent": "frmPp",
    "pf": "frmPp",
    "retaincontentalignment": false,
    "retainflexpositionproperties": false,
    "snapgridsize": 10,
    "snaptogrid": true,
    "wType": "FlexContainer",
    "widgetalignment": 1,
    "zindex": 2
}