{
    "@class": "com.kony.gen.viz.model.component.KVizRichText",
    "DNDConfig": null,
    "__parentReadjusting__": false,
    "_height_": {
        "type": "string",
        "value": "620dp"
    },
    "_left_": {
        "type": "string",
        "value": "0%"
    },
    "_margin_": [
        0,
        0,
        0,
        0
    ],
    "_padding_": [
        0,
        0,
        0,
        0
    ],
    "_skin_": "s73cd35f45fb4c8b973e44eb725f9e97",
    "_text_": "<h1>Welcome to our Privacy Policy</h1>\n<h3>Your privacy is critically important to us.</h3>\n\n\n<p>It is LetsCook’s policy to respect your privacy regarding any information we may collect while operating our website. We have adopted this privacy policy (\"Privacy Policy\") to explain what information may be collected on our Website, how we use this information, and under what circumstances we may disclose the information to third parties. This Privacy Policy applies only to information we collect through the Website and does not apply to our collection of information from other sources.</p>\n\n<h2>Gathering of Personally-Identifying Information</h2>\n<p>We only collect pictured taken by users. We send the pictures to server for ingredient recognition. We make use of the third-party API which is called Clarifai. We won't store the pictures and their recognization results. Except for using Clarifai for recognition, we do not share any user data with third-parties.</p>\n\n<h2>Aggregated Statistics</h2>\n<p>LetsCook allows user to save recipes and set their preferences. Those information will only be stored in user's device. We do not aggregate any of those information.</p>\n\n<h2>Privacy Policy Changes</h2>\n<p>Although most changes are likely to be minor, LetsCook may change its Privacy Policy from time to time, and in LetsCook’s sole discretion. LetsCook encourages visitors to frequently check this page for any changes to its Privacy Policy. Your continued use of this site after any change in this Privacy Policy will constitute your acceptance of such change.</p>\n\n<h2>Clarifai API</h2>\n<p>We use Clarifai API for photo recognition. Clarifai has its own privacy policy at https://www.clarifai.com/privacy.</p>\n\n ",
    "_top_": {
        "type": "string",
        "value": "57dp"
    },
    "_width_": {
        "type": "string",
        "value": "100%"
    },
    "_wrapping_": 2,
    "canUpdateUI": true,
    "centerx": {
        "type": "string",
        "value": "50%"
    },
    "containerweight": 100,
    "contentalignment": 4,
    "id": "ppText",
    "info": null,
    "iscustomlayout": false,
    "isvisible": true,
    "kuid": "b264c5785a254113b341d1ca96735d91",
    "linkskin": "s817b2c1c689451c9aad8fa7104aff24",
    "name": "kony.ui.RichText",
    "parent": "frmPp",
    "pf": "frmPp",
    "retaincontentalignment": false,
    "retainflexpositionproperties": false,
    "wType": "RichText",
    "widgetalignment": 5,
    "zindex": 1
}