{
    "mwaddrkey": "",
    "projectCloudGuid": "1b5150a2-5a6e-424c-b6ba-d6092effa4dd",
    "wap_android360_fontsize": "13",
    "isA11yConfigEnabled": false,
    "project_name": "LetsCook2",
    "watchos_notificationcentericon_42": "",
    "wap_android440_fontsize": "15",
    "apppackagekey": "",
    "nativeContainerProperties": {
        "isModified": true,
        "isEnableJSContainer": true,
        "isEnableJSContainerAndroid": true,
        "isEnableJSContaineriOS": true
    },
    "wap_android400_fontsize": "14",
    "wap_spaandroidtabhdpi_fontsize": "18",
    "watchos_homeScreen40": "",
    "cordovaVersionInfo": {
        "useGlobalCordova": false
    },
    "appversionkey": "1.0.0",
    "project.type": "js",
    "startupformkey": "b730dcd3b5274872a891d1805232041d",
    "wap_bb480_fontsize": "17",
    "wap_winphone480_fontsize": "12",
    "enableCustomData": false,
    "wap_android640_fontsize": "19",
    "vendornamekey": "KonyLabs",
    "wap_android320_fontsize": "12",
    "createdgaversion": "8.1.17",
    "watchos_notificationcentericon_38": "",
    "isMVC": false,
    "watchos_shortlooknotificationicon_42": "",
    "enableactionbar": false,
    "wap_android480_fontsize": "16",
    "mastersProperties": {
        "mastersVersion": "2.0.0"
    },
    "wap_winphone320_fontsize": "12",
    "watchos_longlooknotificationicon_42": "",
    "watchos_companionSettings3x29": "",
    "appmenu": {
        "tablet": {
            "data": [
                {
                    "windows8": {
                        "appBarButtonStyle": "No Style",
                        "position": "BOTTOM_LEFT"
                    },
                    "android": {
                        "showAsFlag": 0
                    },
                    "kuid": "g612d684b99143a9a87c4d94489e69c7",
                    "icon": {
                        "default": "option1.png"
                    },
                    "id": "appmenuitemid1",
                    "title": "Item 1"
                },
                {
                    "windows8": {
                        "appBarButtonStyle": "No Style",
                        "position": "BOTTOM_LEFT"
                    },
                    "android": {
                        "showAsFlag": 0
                    },
                    "kuid": "ebe4b3680a34418a8bce423ca5947cbe",
                    "icon": {
                        "default": "option2.png"
                    },
                    "id": "appmenuitemid2",
                    "title": "Item 2"
                },
                {
                    "windows8": {
                        "appBarButtonStyle": "No Style",
                        "position": "BOTTOM_LEFT"
                    },
                    "android": {
                        "showAsFlag": 0
                    },
                    "kuid": "a06759269ab944849100a884b35cbcc5",
                    "icon": {
                        "default": "option3.png"
                    },
                    "id": "appmenuitemid3",
                    "title": "Item 3"
                },
                {
                    "windows8": {
                        "appBarButtonStyle": "No Style",
                        "position": "BOTTOM_LEFT"
                    },
                    "android": {
                        "showAsFlag": 0
                    },
                    "kuid": "fe195d3c5cd3475aa56e32818014c9dc",
                    "icon": {
                        "default": "option4.png"
                    },
                    "id": "appmenuitemid4",
                    "title": "Item 4"
                }
            ]
        },
        "desktop": {
            "data": [
                {
                    "kuid": "jb277a02d3424ec48953abc1b4f3c3a2",
                    "icon": {
                        "default": "option1.png"
                    },
                    "id": "appmenuitemid1",
                    "title": "Item 1"
                },
                {
                    "kuid": "ge889222e1cf4173bdf391bd10906879",
                    "icon": {
                        "default": "option2.png"
                    },
                    "id": "appmenuitemid2",
                    "title": "Item 2"
                },
                {
                    "kuid": "ef819b3c3fff4143b2680c3ead0637a3",
                    "icon": {
                        "default": "option3.png"
                    },
                    "id": "appmenuitemid3",
                    "title": "Item 3"
                },
                {
                    "kuid": "ecf315705596488d80f40308cca1665e",
                    "icon": {
                        "default": "option4.png"
                    },
                    "id": "appmenuitemid4",
                    "title": "Item 4"
                }
            ]
        },
        "focusskin": null,
        "osVersion": "iOS7",
        "wType": "Appmenu",
        "focusSkin": null,
        "mobile": {
            "data": [
                {
                    "kuid": "b7c070040c634edbbddbe6e049b85911",
                    "android": {
                        "showAsFlag": 0
                    },
                    "icon": {
                        "default": "option1.png"
                    },
                    "id": "appmenuitemid1",
                    "title": "Item 1"
                },
                {
                    "kuid": "d2af24fb31b84206964bf20481b2e91a",
                    "android": {
                        "showAsFlag": 0
                    },
                    "icon": {
                        "default": "option2.png"
                    },
                    "id": "appmenuitemid2",
                    "title": "Item 2"
                },
                {
                    "kuid": "b3176c810f204fc9bd649bf5d7962853",
                    "android": {
                        "showAsFlag": 0
                    },
                    "icon": {
                        "default": "option3.png"
                    },
                    "id": "appmenuitemid3",
                    "title": "Item 3"
                },
                {
                    "kuid": "i299ae58c68b4850971c682745c45c60",
                    "android": {
                        "showAsFlag": 0
                    },
                    "icon": {
                        "default": "option4.png"
                    },
                    "id": "appmenuitemid4",
                    "title": "Item 4"
                }
            ]
        },
        "skin": null,
        "osPlatform": ""
    },
    "wap_spaipad_fontsize": "17",
    "mwportkey": "",
    "cordovaModified": false,
    "watchos_watchMarketing1x": "",
    "mwhttpsportkey": "",
    "wap_bb440_fontsize": "15",
    "wap_bb400_fontsize": "14",
    "appidkey": "CookingApp",
    "statusBarHidden": "false",
    "wap_bb360_fontsize": "13",
    "isNewAppWithRespectToAndroidPackageName": "",
    "wap_spawindowstab_fontsize": "17",
    "accountCloudGuid": "2e5e819b-1d49-40e6-95f1-45a257808b4e",
    "defaulttheme": "defaultTheme",
    "watchos_companionSettings2x29": "",
    "watchos_shortlooknotificationicon_38": "",
    "enableResponsive": true,
    "appaddrkey": "",
    "appnamekey": "letscook",
    "currentgaversion": "8.1.17",
    "wap_bb320_fontsize": "15",
    "enableCordova": false,
    "wap_bb240_fontsize": "12",
    "enableIdForAutomation": false,
    "desktopwebbasefontsize": "16",
    "wap_android240_fontsize": "10",
    "wap_spaandroidtabldpi_fontsize": "14",
    "wap_spaandroidtabmdpi_fontsize": "16",
    "konyVizVersion": "8.1.17",
    "isDpScaleFactor": true,
    "prototype": {
        "PublishMode": "public",
        "resourceId": "bcba0049-aad5-4504-abb2-592c4a234587",
        "createdBy": "Sharada Boda",
        "shareGuid": "3TS5C",
        "createdOn": "2018-05-04T20:32:01.873Z",
        "createdById": "38889fe9-346f-4df4-83da-542c3eebb9de"
    },
    "wap_spaandroidtab_fontsize": "17",
    "referenceWidth": "375",
    "winmobileguidkey": "",
    "APPLICATION_THEME": "default",
    "ide_appEvents": {
        "mobile": {
            "postappinit": "AS_AppEvents_g8a08b38e81a4360a198bcc9adc69299"
        }
    },
    "build": "debug",
    "project_version": "sprint30",
    "wap_ip_fontsize": "12",
    "category": "app",
    "createdVizVersion": "8.1.17",
    "export.type": "studioviz"
}