{
    "AS_AppEvents_g8a08b38e81a4360a198bcc9adc69299": {
        "id": "AS_AppEvents_g8a08b38e81a4360a198bcc9adc69299",
        "type": "ACTION_SEQUENCE",
        "params": [{
            "datatype": "collection",
            "name": "eventobject"
        }],
        "language": "js",
        "actions": [{
            "id": "NAVIGATE_TO_FORM___h900772b54494d5ab38df2b012cd3834",
            "type": "NAVIGATE_TO_FORM",
            "formId": "frmPp",
            "formKUID": "i030e4504140475fbc2514066913ae84",
            "mappings": {},
            "mappingsOrder": [],
            "parentId": "",
            "callbackType": null,
            "enableMappingEditor": true,
            "package": ""
        }]
    }
}