{
    "AS_Button_i254a16b37ea44fb807dc27395fe5720": {
        "id": "AS_Button_i254a16b37ea44fb807dc27395fe5720",
        "type": "ACTION_SEQUENCE",
        "params": [{
            "datatype": "collection",
            "name": "eventobject"
        }],
        "contextObj": {
            "name": "frmConfirm",
            "type": "forms",
            "platform": "",
            "KUID": "g154698617f64c49b0328ada97077209"
        },
        "language": "js",
        "actions": [{
            "id": "NAVIGATE_TO_FORM___d9eae06ccbb84ed983ff1e8b772cd125",
            "type": "NAVIGATE_TO_FORM",
            "formId": "frmHome",
            "formKUID": "b730dcd3b5274872a891d1805232041d",
            "mappings": {},
            "mappingsOrder": [],
            "parentId": "",
            "callbackType": null,
            "enableMappingEditor": true,
            "package": ""
        }]
    }
}