{
    "AS_Button_b3c99996892f4acc9ea41816bb3b0ec0": {
        "id": "AS_Button_b3c99996892f4acc9ea41816bb3b0ec0",
        "type": "ACTION_SEQUENCE",
        "params": [{
            "datatype": "collection",
            "name": "eventobject"
        }],
        "contextObj": {
            "name": "frmConfirm",
            "type": "forms",
            "platform": "",
            "KUID": "g154698617f64c49b0328ada97077209"
        },
        "language": "js",
        "actions": [{
            "id": "INVOKE_FUNCTION___e7ccdd1a6bac432bb83586d2349dc990",
            "type": "INVOKE_FUNCTION",
            "sequenceKUID": "proceedAndGetRecipes",
            "display": "proceedAndGetRecipes",
            "inputparams": [],
            "parentId": null,
            "callbackType": null,
            "disabled": null,
            "source": "module"
        }]
    }
}