{
    "AS_Button_d087a749a9834c3c84fff82602b01331": {
        "id": "AS_Button_d087a749a9834c3c84fff82602b01331",
        "type": "ACTION_SEQUENCE",
        "params": [{
            "datatype": "collection",
            "name": "eventobject"
        }],
        "contextObj": {
            "name": "frmRecipeList",
            "type": "forms",
            "platform": "",
            "KUID": "jf7a60841c4e4d6991db7b09619854b7"
        },
        "language": "js",
        "actions": [{
            "id": "NAVIGATE_TO_FORM___f57a9c96e34e45098f4d03945847ab94",
            "type": "NAVIGATE_TO_FORM",
            "formId": "frmHome",
            "formKUID": "b730dcd3b5274872a891d1805232041d",
            "mappings": {},
            "mappingsOrder": [],
            "parentId": "",
            "callbackType": null,
            "enableMappingEditor": true,
            "package": ""
        }]
    }
}