{
    "AS_Button_a5584b7ba6974fb6b0d3ca04d272ebb8": {
        "id": "AS_Button_a5584b7ba6974fb6b0d3ca04d272ebb8",
        "type": "ACTION_SEQUENCE",
        "params": [{
            "datatype": "collection",
            "name": "eventobject"
        }],
        "contextObj": {
            "name": "recipeHeader",
            "type": "templates",
            "platform": "",
            "KUID": "d77e657e4a124ba497cbf9054ffcd207"
        },
        "language": "js",
        "actions": [{
            "id": "INVOKE_FUNCTION___ed6786824350460bb50cf6c6884e2b8f",
            "type": "INVOKE_FUNCTION",
            "sequenceKUID": "toggleMenuBar",
            "display": "toggleMenuBar",
            "inputparams": [],
            "parentId": null,
            "callbackType": null,
            "disabled": null,
            "source": "module"
        }]
    }
}