{
    "AS_Button_i902affb71c84580801d9ca663a7f01e": {
        "id": "AS_Button_i902affb71c84580801d9ca663a7f01e",
        "type": "ACTION_SEQUENCE",
        "params": [{
            "datatype": "collection",
            "name": "eventobject"
        }],
        "contextObj": {
            "name": "frmIngredient",
            "type": "forms",
            "platform": "",
            "KUID": "c3ba2394b76a4b23963b7344e8a8ec26"
        },
        "language": "js",
        "actions": [{
            "id": "NAVIGATE_TO_FORM___bbc26bfad3974a95b7232f35f69b32b3",
            "type": "NAVIGATE_TO_FORM",
            "formId": "frmHome",
            "formKUID": "b730dcd3b5274872a891d1805232041d",
            "mappings": {},
            "mappingsOrder": [],
            "parentId": "",
            "callbackType": null,
            "enableMappingEditor": true,
            "package": ""
        }]
    }
}