{
    "AS_Button_jd173020fac449bb9d2462b927ee7d96": {
        "id": "AS_Button_jd173020fac449bb9d2462b927ee7d96",
        "type": "ACTION_SEQUENCE",
        "params": [{
            "datatype": "collection",
            "name": "eventobject"
        }],
        "contextObj": {
            "name": "frmCate",
            "type": "forms",
            "platform": null,
            "KUID": "iec3a15bcfbf4d5f9b313af91d166dde"
        },
        "language": "js",
        "actions": [{
            "id": "NAVIGATE_TO_FORM___f8bf467750814b11bd9d6f2b7d3adf91",
            "type": "NAVIGATE_TO_FORM",
            "formId": "frmHome",
            "formKUID": "b730dcd3b5274872a891d1805232041d",
            "mappings": {},
            "mappingsOrder": [],
            "parentId": "",
            "callbackType": null,
            "enableMappingEditor": true,
            "package": ""
        }]
    }
}