{
    "AS_Button_hded8e0db7ea4234a173bd209bc279b2": {
        "id": "AS_Button_hded8e0db7ea4234a173bd209bc279b2",
        "type": "ACTION_SEQUENCE",
        "params": [{
            "datatype": "collection",
            "name": "eventobject"
        }],
        "contextObj": {
            "name": "frmHome",
            "type": "forms",
            "platform": "",
            "KUID": "b730dcd3b5274872a891d1805232041d"
        },
        "language": "js",
        "actions": [{
            "id": "INVOKE_FUNCTION___dc199b135fa54623a85d01c75d9bef7f",
            "type": "INVOKE_FUNCTION",
            "sequenceKUID": "parseTextBoxAndShowConfirm",
            "display": "parseTextBoxAndShowConfirm",
            "inputparams": [],
            "parentId": null,
            "callbackType": null,
            "disabled": null,
            "source": "module"
        }]
    }
}