{
    "AS_Button_haeb663aba8148c1adff9f7aca807ec5": {
        "id": "AS_Button_haeb663aba8148c1adff9f7aca807ec5",
        "type": "ACTION_SEQUENCE",
        "params": [{
            "datatype": "collection",
            "name": "eventobject"
        }],
        "language": "js",
        "actions": [{
            "id": "INVOKE_FUNCTION__ide_onClick_e8f4852b78754eaea3e004c4a8e3c0d5",
            "type": "INVOKE_FUNCTION",
            "sequenceKUID": "toggleMenuBar",
            "display": "toggleMenuBar",
            "inputparams": [],
            "callbackType": null,
            "disabled": null,
            "source": "module"
        }]
    }
}