{
    "AS_Button_j4bb5fba7341464eb99191c36f6f4847": {
        "id": "AS_Button_j4bb5fba7341464eb99191c36f6f4847",
        "type": "ACTION_SEQUENCE",
        "params": [{
            "datatype": "collection",
            "name": "eventobject"
        }],
        "contextObj": {
            "name": "frmRecipe",
            "type": "forms",
            "platform": "",
            "KUID": "b6852dbe5cbb4595ad3fa55d9b9ea84a"
        },
        "language": "js",
        "actions": [{
            "id": "INVOKE_FUNCTION___ea7b99862c8344d49003d8ba518531d6",
            "type": "INVOKE_FUNCTION",
            "sequenceKUID": "toggleSave",
            "display": "toggleSave",
            "inputparams": [],
            "parentId": null,
            "callbackType": null,
            "disabled": null,
            "source": "module"
        }]
    }
}