{
    "AS_Button_fde280f37e5d4363b4c695587f5ead24": {
        "id": "AS_Button_fde280f37e5d4363b4c695587f5ead24",
        "type": "ACTION_SEQUENCE",
        "params": [{
            "datatype": "collection",
            "name": "eventobject"
        }],
        "contextObj": {
            "name": "frmCate",
            "type": "forms",
            "platform": null,
            "KUID": "iec3a15bcfbf4d5f9b313af91d166dde"
        },
        "language": "js",
        "actions": [{
            "id": "INVOKE_FUNCTION___h594e4fb88e64ed1ad41b324a4b60c7b",
            "type": "INVOKE_FUNCTION",
            "sequenceKUID": "savePreference",
            "display": "savePreference",
            "inputparams": [],
            "parentId": null,
            "callbackType": null,
            "disabled": null,
            "source": "module"
        }]
    }
}