{
    "AS_Button_ee4a766fd375498ab285d30a1bf17095": {
        "id": "AS_Button_ee4a766fd375498ab285d30a1bf17095",
        "type": "ACTION_SEQUENCE",
        "params": [{
            "datatype": "collection",
            "name": "eventobject"
        }],
        "language": "js",
        "actions": [{
            "id": "ADD_SNIPPET__af20d0e7707a4c6fa8da6a9b63fe570a",
            "type": "ADD_SNIPPET",
            "codeSnippet": "frmConfirm.Segment0e5b239a47aae46.removeAll();",
            "parentId": null,
            "callbackType": null
        }]
    }
}