{
    "AS_Camera_a6c056acb46a4d4abcc6d69ecbecb0a0": {
        "id": "AS_Camera_a6c056acb46a4d4abcc6d69ecbecb0a0",
        "type": "ACTION_SEQUENCE",
        "params": [{
            "datatype": "collection",
            "name": "eventobject"
        }],
        "contextObj": {
            "name": "frmHome",
            "type": "forms",
            "platform": "",
            "KUID": "b730dcd3b5274872a891d1805232041d"
        },
        "language": "js",
        "actions": [{
            "id": "INVOKE_FUNCTION___j7f03bebfaa74c5bbb771a990f2ba9cd",
            "type": "INVOKE_FUNCTION",
            "sequenceKUID": "onCapture",
            "display": "onCapture",
            "inputparams": [{
                "name": "cameraObject",
                "value": " eventobject"
            }],
            "parentId": null,
            "callbackType": null,
            "disabled": null,
            "source": "module"
        }]
    }
}