{
    "AS_FlexContainer_a56f37b68af641279401c62cd3b45cd5": {
        "id": "AS_FlexContainer_a56f37b68af641279401c62cd3b45cd5",
        "type": "ACTION_SEQUENCE",
        "params": [{
            "datatype": "collection",
            "name": "eventobject"
        }, {
            "datatype": "string",
            "name": "x"
        }, {
            "datatype": "string",
            "name": "y"
        }],
        "contextObj": {
            "name": "frmHome",
            "type": "forms",
            "platform": "",
            "KUID": "b730dcd3b5274872a891d1805232041d"
        },
        "language": "js",
        "actions": []
    }
}