{
    "AS_FlexContainer_b4ea1d758534471287c0c3109fcecc2d": {
        "id": "AS_FlexContainer_b4ea1d758534471287c0c3109fcecc2d",
        "type": "ACTION_SEQUENCE",
        "params": [{
            "datatype": "collection",
            "name": "eventobject"
        }],
        "contextObj": {
            "name": "frmPp",
            "type": "forms",
            "platform": "",
            "KUID": "i030e4504140475fbc2514066913ae84"
        },
        "language": "js",
        "actions": [{
            "id": "INVOKE_FUNCTION___e0bcf5e594d74d1bad36155c1c9488dd",
            "type": "INVOKE_FUNCTION",
            "sequenceKUID": "toggleMenuBar",
            "display": "toggleMenuBar",
            "inputparams": [],
            "parentId": null,
            "callbackType": null,
            "disabled": null,
            "source": "module"
        }]
    }
}