{
    "AS_FlexContainer_c1444c6ad0ea4afe9a883dc5d62c4402": {
        "id": "AS_FlexContainer_c1444c6ad0ea4afe9a883dc5d62c4402",
        "type": "ACTION_SEQUENCE",
        "params": [{
            "datatype": "collection",
            "name": "eventobject"
        }],
        "language": "js",
        "actions": [{
            "id": "INVOKE_FUNCTION__ide_onClick_f10f370c7657405997a2f02b0c08e77b",
            "type": "INVOKE_FUNCTION",
            "sequenceKUID": "toggleMenuBar",
            "display": "toggleMenuBar",
            "inputparams": [],
            "callbackType": null,
            "disabled": null,
            "source": "module"
        }]
    }
}