{
    "AS_FlexContainer_e192bb84e90e4a92a9cc9ddb69ea7af7": {
        "id": "AS_FlexContainer_e192bb84e90e4a92a9cc9ddb69ea7af7",
        "type": "ACTION_SEQUENCE",
        "params": [{
            "datatype": "collection",
            "name": "eventobject"
        }],
        "contextObj": {
            "name": "frmIngredient",
            "type": "forms",
            "platform": "",
            "KUID": "c3ba2394b76a4b23963b7344e8a8ec26"
        },
        "language": "js",
        "actions": [{
            "id": "INVOKE_FUNCTION___a92abc511c6c45c5acce84d0247f19ca",
            "type": "INVOKE_FUNCTION",
            "sequenceKUID": "toggleMenuBar",
            "display": "toggleMenuBar",
            "inputparams": [],
            "parentId": null,
            "callbackType": null,
            "disabled": null,
            "source": "module"
        }]
    }
}