{
    "AS_FlexContainer_de2e5bb0b70f49f1a22f37970925a050": {
        "id": "AS_FlexContainer_de2e5bb0b70f49f1a22f37970925a050",
        "type": "ACTION_SEQUENCE",
        "params": [{
            "datatype": "collection",
            "name": "eventobject"
        }, {
            "datatype": "string",
            "name": "x"
        }, {
            "datatype": "string",
            "name": "y"
        }],
        "contextObj": {
            "name": "frmIngredient",
            "type": "forms",
            "platform": "",
            "KUID": "c3ba2394b76a4b23963b7344e8a8ec26"
        },
        "language": "js",
        "actions": []
    }
}