{
    "AS_FlexContainer_a85b2c39c4d34027ba4a1c7f83b442cd": {
        "id": "AS_FlexContainer_a85b2c39c4d34027ba4a1c7f83b442cd",
        "type": "ACTION_SEQUENCE",
        "params": [{
            "datatype": "collection",
            "name": "eventobject"
        }],
        "contextObj": {
            "name": "recipeHeader",
            "type": "templates",
            "platform": "",
            "KUID": "d77e657e4a124ba497cbf9054ffcd207"
        },
        "language": "js",
        "actions": []
    }
}