{
    "AS_FlexContainer_b9cbfed4a66543c4aa9041b4130b045b": {
        "id": "AS_FlexContainer_b9cbfed4a66543c4aa9041b4130b045b",
        "type": "ACTION_SEQUENCE",
        "params": [{
            "datatype": "collection",
            "name": "eventobject"
        }],
        "contextObj": {
            "name": "frmRecipeList",
            "type": "forms",
            "platform": "",
            "KUID": "jf7a60841c4e4d6991db7b09619854b7"
        },
        "language": "js",
        "actions": [{
            "id": "INVOKE_FUNCTION___a9fb497a579149edb0889f9e8ac23b99",
            "type": "INVOKE_FUNCTION",
            "sequenceKUID": "toggleMenuBar",
            "display": "toggleMenuBar",
            "inputparams": [],
            "parentId": null,
            "callbackType": null,
            "disabled": null,
            "source": "module"
        }]
    }
}