{
    "AS_FlexContainer_g810dbfe0c7242c49207bcaa05ddd3f8": {
        "id": "AS_FlexContainer_g810dbfe0c7242c49207bcaa05ddd3f8",
        "type": "ACTION_SEQUENCE",
        "params": [{
            "datatype": "collection",
            "name": "eventobject"
        }],
        "language": "js",
        "actions": [{
            "id": "INVOKE_FUNCTION__ide_onClick_ca5b67ad6fe34064a94a648c4ae6dd80",
            "type": "INVOKE_FUNCTION",
            "sequenceKUID": "toggleMenuBar",
            "display": "toggleMenuBar",
            "inputparams": [],
            "callbackType": null,
            "disabled": null,
            "source": "module"
        }]
    }
}