{
    "AS_FlexContainer_i2a6e50c0a684a24b47c70560f1c36aa": {
        "id": "AS_FlexContainer_i2a6e50c0a684a24b47c70560f1c36aa",
        "type": "ACTION_SEQUENCE",
        "params": [{
            "datatype": "collection",
            "name": "eventobject"
        }],
        "contextObj": {
            "name": "frmRecipe",
            "type": "forms",
            "platform": "",
            "KUID": "b6852dbe5cbb4595ad3fa55d9b9ea84a"
        },
        "language": "js",
        "actions": [{
            "id": "INVOKE_FUNCTION___dac11ae590804da38f96ba949bbf1bd4",
            "type": "INVOKE_FUNCTION",
            "sequenceKUID": "toggleMenuBar",
            "display": "toggleMenuBar",
            "inputparams": [],
            "parentId": null,
            "callbackType": null,
            "disabled": null,
            "source": "module"
        }]
    }
}