{
    "AS_FlexContainer_f5e08002440d417c948aff71a2a8c478": {
        "id": "AS_FlexContainer_f5e08002440d417c948aff71a2a8c478",
        "type": "ACTION_SEQUENCE",
        "params": [{
            "datatype": "collection",
            "name": "eventobject"
        }],
        "contextObj": {
            "name": "frmSave",
            "type": "forms",
            "platform": "",
            "KUID": "ied66bdac8e1463faed81191421f2d13"
        },
        "language": "js",
        "actions": [{
            "id": "INVOKE_FUNCTION___fc70344c9d0a475cb323fe49efecb273",
            "type": "INVOKE_FUNCTION",
            "sequenceKUID": "toggleMenuBar",
            "display": "toggleMenuBar",
            "inputparams": [],
            "parentId": null,
            "callbackType": null,
            "disabled": null,
            "source": "module"
        }]
    }
}