{
    "AS_Form_ie703a3ff82d425290d0992a486bd61e": {
        "id": "AS_Form_ie703a3ff82d425290d0992a486bd61e",
        "type": "ACTION_SEQUENCE",
        "params": [{
            "datatype": "collection",
            "name": "eventobject"
        }],
        "contextObj": {
            "name": "frmSave",
            "type": "forms",
            "platform": "",
            "KUID": "ied66bdac8e1463faed81191421f2d13"
        },
        "language": "js",
        "actions": [{
            "id": "INVOKE_FUNCTION___b62e08414bd149918df9caeac96e5c9f",
            "type": "INVOKE_FUNCTION",
            "sequenceKUID": "getSavedRecipes",
            "display": "getSavedRecipes",
            "inputparams": [],
            "parentId": null,
            "callbackType": null,
            "disabled": null,
            "source": "module"
        }]
    }
}