{
    "AS_FlexContainer_bbe9133326d94cf28ef92a349fec1b5e": {
        "id": "AS_FlexContainer_bbe9133326d94cf28ef92a349fec1b5e",
        "type": "ACTION_SEQUENCE",
        "params": [{
            "datatype": "collection",
            "name": "eventobject"
        }, {
            "datatype": "string",
            "name": "x"
        }, {
            "datatype": "string",
            "name": "y"
        }],
        "contextObj": {
            "name": "frmCate",
            "type": "forms",
            "platform": "",
            "KUID": "iec3a15bcfbf4d5f9b313af91d166dde"
        },
        "language": "js",
        "actions": [{
            "id": "INVOKE_FUNCTION___c53ec45a8c7c4c64917a8dffab57b28b",
            "type": "INVOKE_FUNCTION",
            "sequenceKUID": "toggleMenuBar",
            "display": "toggleMenuBar",
            "inputparams": [],
            "parentId": null,
            "callbackType": null,
            "disabled": null,
            "source": "module"
        }]
    }
}