{
    "AS_FlexContainer_e0907c27fbec42c4a73ca37d6f8acf41": {
        "id": "AS_FlexContainer_e0907c27fbec42c4a73ca37d6f8acf41",
        "type": "ACTION_SEQUENCE",
        "params": [{
            "datatype": "collection",
            "name": "eventobject"
        }, {
            "datatype": "string",
            "name": "x"
        }, {
            "datatype": "string",
            "name": "y"
        }],
        "contextObj": {
            "name": "recipeHeader",
            "type": "templates",
            "platform": "",
            "KUID": "d77e657e4a124ba497cbf9054ffcd207"
        },
        "language": "js",
        "actions": []
    }
}