{
    "AS_FlexContainer_g4b8fbfa8b224cd7ba4d353232001bf9": {
        "id": "AS_FlexContainer_g4b8fbfa8b224cd7ba4d353232001bf9",
        "type": "ACTION_SEQUENCE",
        "params": [{
            "datatype": "collection",
            "name": "eventobject"
        }],
        "language": "js",
        "actions": [{
            "id": "INVOKE_FUNCTION__ide_onClick_d56f89d068fc4c079de399efbae39932",
            "type": "INVOKE_FUNCTION",
            "sequenceKUID": "toggleMenuBar",
            "display": "toggleMenuBar",
            "inputparams": [],
            "callbackType": null,
            "disabled": null,
            "source": "module"
        }]
    }
}