{
    "AS_FlexContainer_c8b08c6d369b4adcac9ee50155bd74c8": {
        "id": "AS_FlexContainer_c8b08c6d369b4adcac9ee50155bd74c8",
        "type": "ACTION_SEQUENCE",
        "params": [{
            "datatype": "collection",
            "name": "eventobject"
        }],
        "contextObj": {
            "name": "frmHome",
            "type": "forms",
            "platform": "",
            "KUID": "b730dcd3b5274872a891d1805232041d"
        },
        "language": "js",
        "actions": [{
            "id": "INVOKE_FUNCTION___c64e115a784c467f99de442ddcacbf3b",
            "type": "INVOKE_FUNCTION",
            "sequenceKUID": "toggleMenuBar",
            "display": "toggleMenuBar",
            "inputparams": [],
            "parentId": null,
            "callbackType": null,
            "disabled": null,
            "source": "module"
        }]
    }
}