{
    "AS_FlexContainer_g87f8993ada646d4a932bc4b325f32aa": {
        "id": "AS_FlexContainer_g87f8993ada646d4a932bc4b325f32aa",
        "type": "ACTION_SEQUENCE",
        "params": [{
            "datatype": "collection",
            "name": "eventobject"
        }],
        "contextObj": {
            "name": "frmConfirm",
            "type": "forms",
            "platform": "",
            "KUID": "g154698617f64c49b0328ada97077209"
        },
        "language": "js",
        "actions": [{
            "id": "INVOKE_FUNCTION___e0265274b853493ba5a87bf09392d086",
            "type": "INVOKE_FUNCTION",
            "sequenceKUID": "toggleMenuBar",
            "display": "toggleMenuBar",
            "inputparams": [],
            "parentId": null,
            "callbackType": null,
            "disabled": null,
            "source": "module"
        }]
    }
}