{
    "AS_Segment_e8f4497072f340a4a9939a283393fdca": {
        "id": "AS_Segment_e8f4497072f340a4a9939a283393fdca",
        "type": "ACTION_SEQUENCE",
        "params": [{
            "datatype": "collection",
            "name": "eventobject"
        }, {
            "datatype": "number",
            "name": "sectionNumber"
        }, {
            "datatype": "number",
            "name": "rowNumber"
        }],
        "language": "js",
        "actions": [{
            "id": "INVOKE_FUNCTION__ide_onRowClick_de0c63b7225d4be5a627e2d24ba74899",
            "type": "INVOKE_FUNCTION",
            "sequenceKUID": "onRowClickCallBck",
            "display": "onRowClickCallBck",
            "inputparams": [{
                "name": "seguiWidget",
                "value": ""
            }, {
                "name": "sectionNumber",
                "value": ""
            }, {
                "name": "rowNumber",
                "value": " rowNumber"
            }, {
                "name": "selectedState",
                "value": ""
            }],
            "callbackType": null,
            "disabled": null,
            "source": "module"
        }]
    }
}