{
    "AS_Segment_ad0d2cdf4e0c482b8243d3325e078f34": {
        "id": "AS_Segment_ad0d2cdf4e0c482b8243d3325e078f34",
        "type": "ACTION_SEQUENCE",
        "params": [{
            "datatype": "collection",
            "name": "eventobject"
        }, {
            "datatype": "number",
            "name": "sectionNumber"
        }, {
            "datatype": "number",
            "name": "rowNumber"
        }],
        "language": "js",
        "actions": [{
            "id": "INVOKE_FUNCTION__ide_onRowClick_afb7530ef12848a78ccaf26751f173b5",
            "type": "INVOKE_FUNCTION",
            "sequenceKUID": "onRowClickCallBck",
            "display": "onRowClickCallBck",
            "inputparams": [{
                "name": "seguiWidget",
                "value": ""
            }, {
                "name": "sectionNumber",
                "value": ""
            }, {
                "name": "rowNumber",
                "value": " rowNumber"
            }, {
                "name": "selectedState",
                "value": ""
            }],
            "callbackType": null,
            "disabled": null,
            "source": "module"
        }]
    }
}