{
    "AS_Segment_ebd36f668bf442388cd17f1ad111ea45": {
        "id": "AS_Segment_ebd36f668bf442388cd17f1ad111ea45",
        "type": "ACTION_SEQUENCE",
        "params": [{
            "datatype": "collection",
            "name": "eventobject"
        }, {
            "datatype": "number",
            "name": "sectionNumber"
        }, {
            "datatype": "number",
            "name": "rowNumber"
        }],
        "language": "js",
        "actions": [{
            "id": "INVOKE_FUNCTION__ide_onRowClick_e943ddfd61324446bd3b5419f5918ffc",
            "type": "INVOKE_FUNCTION",
            "sequenceKUID": "onRowClickCallBck",
            "display": "onRowClickCallBck",
            "inputparams": [{
                "name": "seguiWidget",
                "value": ""
            }, {
                "name": "sectionNumber",
                "value": ""
            }, {
                "name": "rowNumber",
                "value": " rowNumber"
            }, {
                "name": "selectedState",
                "value": ""
            }],
            "callbackType": null,
            "disabled": null,
            "source": "module"
        }]
    }
}