{
    "AS_Segment_a7826881ef9546fbbef32188106fe039": {
        "id": "AS_Segment_a7826881ef9546fbbef32188106fe039",
        "type": "ACTION_SEQUENCE",
        "params": [{
            "datatype": "collection",
            "name": "eventobject"
        }, {
            "datatype": "number",
            "name": "sectionNumber"
        }, {
            "datatype": "number",
            "name": "rowNumber"
        }],
        "contextObj": {
            "name": "frmSave",
            "type": "forms",
            "platform": "",
            "KUID": "ied66bdac8e1463faed81191421f2d13"
        },
        "language": "js",
        "actions": [{
            "id": "INVOKE_FUNCTION___edc394f1ac3f45c89637c71e0ae1c06f",
            "type": "INVOKE_FUNCTION",
            "sequenceKUID": "navigateOnSelected",
            "display": "navigateOnSelected",
            "inputparams": [{
                "name": "item",
                "value": "frmSave.segmentsaved.selectedItems[0]"
            }],
            "parentId": null,
            "callbackType": null,
            "disabled": null,
            "source": "module"
        }]
    }
}