{
    "AS_Segment_b408632c91eb4e0b98042f78cd12497f": {
        "id": "AS_Segment_b408632c91eb4e0b98042f78cd12497f",
        "type": "ACTION_SEQUENCE",
        "params": [{
            "datatype": "collection",
            "name": "eventobject"
        }, {
            "datatype": "number",
            "name": "sectionNumber"
        }, {
            "datatype": "number",
            "name": "rowNumber"
        }],
        "contextObj": {
            "name": "frmRecipe",
            "type": "forms",
            "platform": "",
            "KUID": "b6852dbe5cbb4595ad3fa55d9b9ea84a"
        },
        "language": "js",
        "actions": [{
            "id": "INVOKE_FUNCTION___c61f109288c948cdba2924bd5c4bc74f",
            "type": "INVOKE_FUNCTION",
            "sequenceKUID": "onRowClickCallBck",
            "display": "onRowClickCallBck",
            "inputparams": [{
                "name": "seguiWidget",
                "value": ""
            }, {
                "name": "sectionNumber",
                "value": ""
            }, {
                "name": "rowNumber",
                "value": " rowNumber"
            }, {
                "name": "selectedState",
                "value": ""
            }],
            "parentId": null,
            "callbackType": null,
            "disabled": null,
            "source": "module"
        }]
    }
}