{
    "AS_Segment_acffd927ed8642d09f98fa1f9aedacd3": {
        "id": "AS_Segment_acffd927ed8642d09f98fa1f9aedacd3",
        "type": "ACTION_SEQUENCE",
        "params": [{
            "datatype": "collection",
            "name": "eventobject"
        }, {
            "datatype": "number",
            "name": "sectionNumber"
        }, {
            "datatype": "number",
            "name": "rowNumber"
        }],
        "language": "js",
        "actions": [{
            "id": "INVOKE_FUNCTION__ide_onRowClick_b4f90ff16eaf47f392056afcf3aa8901",
            "type": "INVOKE_FUNCTION",
            "sequenceKUID": "onRowClickCallBck",
            "display": "onRowClickCallBck",
            "inputparams": [{
                "name": "seguiWidget",
                "value": ""
            }, {
                "name": "sectionNumber",
                "value": ""
            }, {
                "name": "rowNumber",
                "value": " rowNumber"
            }, {
                "name": "selectedState",
                "value": ""
            }],
            "callbackType": null,
            "disabled": null,
            "source": "module"
        }]
    }
}