{
    "AS_Segment_ed404ee4049948319319255153748d8e": {
        "id": "AS_Segment_ed404ee4049948319319255153748d8e",
        "type": "ACTION_SEQUENCE",
        "params": [{
            "datatype": "collection",
            "name": "eventobject"
        }, {
            "datatype": "number",
            "name": "sectionNumber"
        }, {
            "datatype": "number",
            "name": "rowNumber"
        }],
        "contextObj": {
            "name": "frmRecipeList",
            "type": "forms",
            "platform": "",
            "KUID": "jf7a60841c4e4d6991db7b09619854b7"
        },
        "language": "js",
        "actions": [{
            "id": "INVOKE_FUNCTION___h80cbbd354144bbcbfb45d807486424e",
            "type": "INVOKE_FUNCTION",
            "sequenceKUID": "onRowClickCallBck",
            "display": "onRowClickCallBck",
            "inputparams": [{
                "name": "seguiWidget",
                "value": ""
            }, {
                "name": "sectionNumber",
                "value": ""
            }, {
                "name": "rowNumber",
                "value": " rowNumber"
            }, {
                "name": "selectedState",
                "value": ""
            }],
            "parentId": null,
            "callbackType": null,
            "disabled": null,
            "source": "module"
        }]
    }
}