{
    "AS_Segment_e053daa978ae449b8bc32131270294fa": {
        "id": "AS_Segment_e053daa978ae449b8bc32131270294fa",
        "type": "ACTION_SEQUENCE",
        "params": [{
            "datatype": "collection",
            "name": "eventobject"
        }, {
            "datatype": "number",
            "name": "sectionNumber"
        }, {
            "datatype": "number",
            "name": "rowNumber"
        }],
        "contextObj": {
            "name": "frmIngredient",
            "type": "forms",
            "platform": "",
            "KUID": "c3ba2394b76a4b23963b7344e8a8ec26"
        },
        "language": "js",
        "actions": [{
            "id": "INVOKE_FUNCTION___a6c7df3d023e4d97bab595fce378c9eb",
            "type": "INVOKE_FUNCTION",
            "sequenceKUID": "onRowClickCallBck",
            "display": "onRowClickCallBck",
            "inputparams": [{
                "name": "seguiWidget",
                "value": ""
            }, {
                "name": "sectionNumber",
                "value": ""
            }, {
                "name": "rowNumber",
                "value": " rowNumber"
            }, {
                "name": "selectedState",
                "value": ""
            }],
            "parentId": null,
            "callbackType": null,
            "disabled": null,
            "source": "module"
        }]
    }
}