{
    "AS_Segment_ia370ff3a2a94a5aa14148be2fb18cd7": {
        "id": "AS_Segment_ia370ff3a2a94a5aa14148be2fb18cd7",
        "type": "ACTION_SEQUENCE",
        "params": [{
            "datatype": "collection",
            "name": "eventobject"
        }, {
            "datatype": "number",
            "name": "sectionNumber"
        }, {
            "datatype": "number",
            "name": "rowNumber"
        }],
        "contextObj": {
            "name": "frmRecipeList",
            "type": "forms",
            "platform": "",
            "KUID": "jf7a60841c4e4d6991db7b09619854b7"
        },
        "language": "js",
        "actions": [{
            "id": "INVOKE_FUNCTION___b08d07164a1f498eaf2e94047c5ff79f",
            "type": "INVOKE_FUNCTION",
            "sequenceKUID": "navigateOnSelected",
            "display": "navigateOnSelected",
            "inputparams": [{
                "name": "item",
                "value": "frmRecipeList.segmentlist.selectedItems[0]"
            }],
            "parentId": null,
            "callbackType": null,
            "disabled": null,
            "source": "module"
        }]
    }
}