{
    "AS_Segment_jdecfb29891648eea814fe56a58ffc79": {
        "id": "AS_Segment_jdecfb29891648eea814fe56a58ffc79",
        "type": "ACTION_SEQUENCE",
        "params": [{
            "datatype": "collection",
            "name": "eventobject"
        }, {
            "datatype": "number",
            "name": "sectionNumber"
        }, {
            "datatype": "number",
            "name": "rowNumber"
        }],
        "contextObj": {
            "name": "frmConfirm",
            "type": "forms",
            "platform": "",
            "KUID": "g154698617f64c49b0328ada97077209"
        },
        "language": "js",
        "actions": [{
            "id": "INVOKE_FUNCTION___d7627831d76c4aa3a1463d0bafcbdcd2",
            "type": "INVOKE_FUNCTION",
            "sequenceKUID": "onRowClickCallBck",
            "display": "onRowClickCallBck",
            "inputparams": [{
                "name": "seguiWidget",
                "value": ""
            }, {
                "name": "sectionNumber",
                "value": ""
            }, {
                "name": "rowNumber",
                "value": " rowNumber"
            }, {
                "name": "selectedState",
                "value": ""
            }],
            "parentId": null,
            "callbackType": null,
            "disabled": null,
            "source": "module"
        }]
    }
}