{
    "AS_TextField_g83306eb5471400597a108e79ae8e194": {
        "id": "AS_TextField_g83306eb5471400597a108e79ae8e194",
        "type": "ACTION_SEQUENCE",
        "params": [{
            "datatype": "collection",
            "name": "eventobject"
        }, {
            "datatype": "string",
            "name": "changedtext"
        }],
        "contextObj": {
            "name": "frmHome",
            "type": "forms",
            "platform": "",
            "KUID": "b730dcd3b5274872a891d1805232041d"
        },
        "language": "js",
        "actions": [{
            "id": "INVOKE_FUNCTION___f8bbbde543ac40e1a395d470482c868b",
            "type": "INVOKE_FUNCTION",
            "sequenceKUID": "parseTextBoxAndShowConfirm",
            "display": "parseTextBoxAndShowConfirm",
            "inputparams": [],
            "parentId": null,
            "callbackType": null,
            "disabled": null,
            "source": "module"
        }]
    }
}