{
    "DNDConfig": null,
    "__parentReadjusting__": false,
    "_height_": {
        "type": "string",
        "value": "100%"
    },
    "_left_": {
        "type": "string",
        "value": "-100%"
    },
    "_margin_": [
        0,
        0,
        0,
        0
    ],
    "_orientation_": 6,
    "_padding_": [
        0,
        0,
        0,
        0
    ],
    "_percent_": true,
    "_skin_": "se2c60ea129c47b59a9673dcfa012374",
    "_top_": {
        "type": "string",
        "value": "0%"
    },
    "_width_": {
        "type": "string",
        "value": "100%"
    },
    "allboxes": [],
    "autogrowmode": 0,
    "canUpdateUI": true,
    "children": [
        "menusegment"
    ],
    "clipbounds": true,
    "containerweight": 100,
    "enablescrolling": true,
    "id": "menubar",
    "ide_onClick": "AS_FlexContainer_b9cbfed4a66543c4aa9041b4130b045b",
    "info": null,
    "iscustomlayout": false,
    "isvisible": true,
    "kuid": "a5a39737689e437e9349c0b1f94d367d",
    "layouttype": 2,
    "name": "kony.ui.FlexContainer",
    "parent": "frmRecipeList",
    "pf": "frmRecipeList",
    "retaincontentalignment": false,
    "retainflexpositionproperties": false,
    "snapgridsize": 10,
    "snaptogrid": true,
    "wType": "FlexContainer",
    "widgetalignment": 1,
    "zindex": 2
}