{
    "@class": "com.kony.gen.viz.model.container.KVizSegment2",
    "DNDConfig": null,
    "__parentReadjusting__": false,
    "_data_": [
        {
            "imgRecipe": {
                "@class": "com.viz.ide.model.segment.ImageSegmentData",
                "src": "imagedrag.png"
            },
            "lblIngredients": {
                "@class": "com.viz.ide.model.segment.SimpleTextSegmentData",
                "text": "Label"
            },
            "lblInstructions": {
                "@class": "com.viz.ide.model.segment.SimpleTextSegmentData",
                "text": "Label"
            },
            "lblRecipeName": {
                "@class": "com.viz.ide.model.segment.SimpleTextSegmentData",
                "text": "Recipe Name"
            },
            "lblTiming": {
                "@class": "com.viz.ide.model.segment.SimpleTextSegmentData",
                "text": "Label"
            }
        },
        {
            "imgRecipe": {
                "@class": "com.viz.ide.model.segment.ImageSegmentData",
                "src": "imagedrag.png"
            },
            "lblIngredients": {
                "@class": "com.viz.ide.model.segment.SimpleTextSegmentData",
                "text": "Label"
            },
            "lblInstructions": {
                "@class": "com.viz.ide.model.segment.SimpleTextSegmentData",
                "text": "Label"
            },
            "lblRecipeName": {
                "@class": "com.viz.ide.model.segment.SimpleTextSegmentData",
                "text": "Recipe Name"
            },
            "lblTiming": {
                "@class": "com.viz.ide.model.segment.SimpleTextSegmentData",
                "text": "Label"
            }
        },
        {
            "imgRecipe": {
                "@class": "com.viz.ide.model.segment.ImageSegmentData",
                "src": "imagedrag.png"
            },
            "lblIngredients": {
                "@class": "com.viz.ide.model.segment.SimpleTextSegmentData",
                "text": "Label"
            },
            "lblInstructions": {
                "@class": "com.viz.ide.model.segment.SimpleTextSegmentData",
                "text": "Label"
            },
            "lblRecipeName": {
                "@class": "com.viz.ide.model.segment.SimpleTextSegmentData",
                "text": "Recipe Name"
            },
            "lblTiming": {
                "@class": "com.viz.ide.model.segment.SimpleTextSegmentData",
                "text": "Label"
            }
        }
    ],
    "_height_": {
        "type": "ref",
        "value": "preferred"
    },
    "_indicator_": "none",
    "_left_": {
        "type": "string",
        "value": "0dp"
    },
    "_margin_": [
        0,
        0,
        0,
        0
    ],
    "_orientation_": 2,
    "_padding_": [
        0,
        0,
        0,
        0
    ],
    "_top_": {
        "type": "string",
        "value": "57dp"
    },
    "_width_": {
        "type": "string",
        "value": "100%"
    },
    "autogrowmode": 1,
    "canUpdateUI": true,
    "containerweight": 100,
    "counter": "02",
    "focusedindex": null,
    "focuseditem": null,
    "generatedtemplate": "ef6df7028db7408a8d6a38d0bf674a71",
    "groupcells": false,
    "hasSections": false,
    "hiddencolumns": {
        "lblIngredients": "text",
        "lblInstructions": "text"
    },
    "id": "segmentlist",
    "ide_onRowClick": "AS_Segment_ia370ff3a2a94a5aa14148be2fb18cd7",
    "info": null,
    "ipad": {
        "psp": {
            "indicator": "rowselect"
        }
    },
    "iphone": {
        "psp": {
            "indicator": "rowselect"
        }
    },
    "iscustomlayout": false,
    "isvisible": true,
    "kuid": "dc0bf8a9311b4883a60c045cff6e4f82",
    "masterdata": {},
    "name": "kony.ui.SegmentedUI2",
    "needpageindicator": true,
    "pageoffdotimage": "pageoffdot.png",
    "pageondotimage": "pageondot.png",
    "paginationconfig": {
        "position": "bottom"
    },
    "parent": "frmRecipeList",
    "pf": "frmRecipeList",
    "retaincontentalignment": false,
    "retainflexpositionproperties": false,
    "retainselection": false,
    "rowTemplateId": "g5ad0a7e4b4e49779f15f3ecc6ee5256",
    "rowcounter": 2,
    "rowfocusskin": "s0f3437cf408452d98069e561877f2f2",
    "rowskin": "sb54a41deb7042389f342409651482ab",
    "rowtemplate": "FlexContainer3",
    "screenlevelwidget": false,
    "seccounter": 0,
    "sectionheaderskin": "s18da6af580d461fa89b14e4df5f3372",
    "selectedRows": null,
    "selectedState": false,
    "selectedindex": null,
    "selectedindices": null,
    "selecteditems": null,
    "selectedsectionindex": 0,
    "selectionbehavior": "singleselect",
    "selectionbehaviorconfig": {},
    "separatorcolor": "aaaaaa00",
    "separatorrequired": true,
    "separatorthickness": 1,
    "showscrollbars": false,
    "viewtype": "tableview",
    "wType": "Segment",
    "widgetalignment": 5,
    "widgetdatamap": {
        "FlexContainer3": "FlexContainer3",
        "imgRecipe": "imgRecipe",
        "lblIngredients": "lblIngredients",
        "lblInstructions": "lblInstructions",
        "lblRecipeName": "lblRecipeName",
        "lblTiming": "lblTiming"
    },
    "zindex": 1
}