{
    "@class": "com.kony.gen.viz.model.component.KVizButton",
    "DNDConfig": null,
    "__parentReadjusting__": false,
    "_height_": {
        "type": "string",
        "value": "56dp"
    },
    "_left_": {
        "type": "string",
        "value": "305dp"
    },
    "_margin_": [
        6,
        6,
        6,
        6
    ],
    "_padding_": [
        0,
        0,
        0,
        0
    ],
    "_skin_": "s0e1d0088c3a4ed38fbb2594e1693a6f",
    "_text_": "Save",
    "_top_": {
        "type": "string",
        "value": "4dp"
    },
    "_width_": {
        "type": "string",
        "value": "60dp"
    },
    "canUpdateUI": true,
    "containerweight": 100,
    "contentalignment": 5,
    "displaytext": true,
    "focusskin": "s1b72156eb9b4d6693e0ead1cce62600",
    "id": "buttonSave",
    "ide_onClick": "AS_Button_j4bb5fba7341464eb99191c36f6f4847",
    "info": null,
    "iscustomlayout": false,
    "isvisible": true,
    "kuid": "had48c833adf4904aff93c6e17c3bbce",
    "name": "kony.ui.Button",
    "parent": "frmRecipe",
    "pf": "frmRecipe",
    "retaincontentalignment": false,
    "retainflexpositionproperties": false,
    "wType": "Button",
    "zindex": 1
}