{
    "@class": "com.kony.gen.viz.model.container.KVizTabPane",
    "DNDConfig": null,
    "__parentReadjusting__": false,
    "_activeTabsBackUp": [
        1
    ],
    "_height_": {
        "type": "string",
        "value": "80%"
    },
    "_left_": {
        "type": "string",
        "value": "0dp"
    },
    "_margin_": [
        0,
        0,
        0,
        0
    ],
    "_orientation_": 1,
    "_padding_": [
        0,
        0,
        0,
        0
    ],
    "_percent_": true,
    "_top_": {
        "type": "string",
        "value": "10.89%"
    },
    "_width_": {
        "type": "string",
        "value": "100%"
    },
    "activeskin": "s7c5c596a81941c8aa6057fcbd0c8e59",
    "activetab": 1,
    "activetabs": [
        0
    ],
    "allboxes": [],
    "android": {
        "viewType": "pageview"
    },
    "canUpdateUI": true,
    "children": [
        "About",
        "Ingredients",
        "Directions"
    ],
    "collapsedimage": "",
    "containerweight": 100,
    "context": {
        "channel": "mobile",
        "formID": "frmRecipe",
        "platform": "iphone",
        "tabpaneID": "",
        "templateType": "forms",
        "topLevelBox": null
    },
    "expandedimage": "",
    "id": "fatherTab",
    "imageposition": "right",
    "inactiveskin": "s8c6b2d69e374a1ab7d9a10d75e5948e",
    "info": null,
    "iphone": {
        "psp": {
            "showProgressIndicator": false
        },
        "viewType": "pageview"
    },
    "iscustomlayout": false,
    "isvisible": true,
    "kuid": "ba58c37a3db8424dad264d42071aee85",
    "layouttype": 0,
    "margininpixel": false,
    "name": "kony.ui.TabPane",
    "paddinginpixel": false,
    "parent": "frmRecipe",
    "pf": "frmRecipe",
    "retaincontentalignment": false,
    "retainflexpositionproperties": false,
    "screenlevelwidget": false,
    "tabnamealignment": "left",
    "toggletabs": false,
    "viewconfig": {
        "collapsibleViewConfig": {
            "collapsedImage": "",
            "collapsedimage": "",
            "expandedImage": "",
            "expandedimage": "",
            "imagePosition": "right",
            "imageposition": "right",
            "tabNameAlignment": "left",
            "tabnamealignment": "left",
            "toggleTabs": false,
            "toggletabs": false
        },
        "collapsibleviewconfig": {
            "collapsedImage": "",
            "collapsedimage": "",
            "expandedImage": "",
            "expandedimage": "",
            "imagePosition": "right",
            "imageposition": "right",
            "tabNameAlignment": "left",
            "tabnamealignment": "left",
            "toggleTabs": false,
            "toggletabs": false
        },
        "pageViewConfig": {
            "needPageIndicator": true,
            "pageOffDotImage": "",
            "pageOnDotImage": ""
        },
        "panoramaViewConfig": {
            "panoramaImage": "",
            "panoramaTitle": "",
            "panoramaTitleImage": ""
        },
        "tabViewConfig": {
            "headerPosition": "top",
            "image1": "tableftarrow.png",
            "image2": "tabrightarrow.png"
        }
    },
    "viewtype": "tabview",
    "wType": "TabPane",
    "zindex": 1
}