{
    "@class": "com.kony.gen.viz.model.component.KVizTextBox2",
    "DNDConfig": null,
    "__parentReadjusting__": false,
    "_height_": {
        "type": "string",
        "value": "40dp"
    },
    "_left_": {
        "type": "string",
        "value": "2%"
    },
    "_margin_": [
        0,
        0,
        0,
        0
    ],
    "_padding_": [
        3,
        0,
        0,
        0
    ],
    "_placeholder_": "rice, pepper, ...",
    "_right_": {
        "type": "string",
        "value": "2%"
    },
    "_skin_": "sda73306cf09490eb35a9847d1a1a7e2",
    "_text_": "",
    "_top_": {
        "type": "string",
        "value": "15%"
    },
    "_width_": {
        "type": "string",
        "value": "96%"
    },
    "autocapitalize": "none",
    "autocomplete": false,
    "autocorrect": false,
    "autofilter": false,
    "canUpdateUI": true,
    "containerheight": "",
    "containerheightmode": 1,
    "containerweight": 100,
    "contentalignment": 4,
    "focusskin": "s3de4b40f5264a3b815625c31d03d1c2",
    "id": "TextField1",
    "ide_onDone": "AS_TextField_g83306eb5471400597a108e79ae8e194",
    "info": null,
    "iscustomlayout": false,
    "isvisible": true,
    "keyboardtype": "A",
    "kuid": "h6290e2a2dcf4a76ab5f318badbb6135",
    "mode": "A",
    "name": "kony.ui.TextBox2",
    "parent": "frmHome",
    "pf": "frmHome",
    "placeholderskin": "s0470652fed94ed6b33146ae1eca14ff",
    "retaincontentalignment": false,
    "retainflexpositionproperties": false,
    "securetextentry": false,
    "textinputmode": "A",
    "tooltip": "",
    "viewtype": "default",
    "wType": "TextField",
    "zindex": 1
}