{
    "@class": "com.kony.gen.viz.model.component.KVizTextArea2",
    "DNDConfig": null,
    "__parentReadjusting__": false,
    "_height_": {
        "type": "string",
        "value": "120dp"
    },
    "_left_": {
        "type": "string",
        "value": "20dp"
    },
    "_margin_": [
        2,
        2,
        2,
        2
    ],
    "_padding_": [
        2,
        2,
        2,
        2
    ],
    "_placeholder_": "Placeholder",
    "_skin_": "sdef20e0de3342589c73778fadf755ee",
    "_text_": "You can take pictures of veggies to search for related recipes. In this case, the App asks for Camera Permission.",
    "_top_": {
        "type": "string",
        "value": "30dp"
    },
    "_width_": {
        "type": "string",
        "value": "90%"
    },
    "android": {
        "psp": {
            "placeholderSkin": "s7e93ff0927f456c9ec1093db4b7fa2e"
        }
    },
    "androidwearos": {
        "psp": {
            "placeholderSkin": "s7e93ff0927f456c9ec1093db4b7fa2e"
        }
    },
    "autocapitalize": "none",
    "autocomplete": false,
    "autocorrect": false,
    "autofilter": false,
    "canUpdateUI": true,
    "centerx": {
        "type": "string",
        "value": "50%"
    },
    "closebuttontext": "",
    "containerheight": "",
    "containerheightmode": 1,
    "containerweight": 100,
    "contentalignment": 5,
    "focusskin": "s28d39a8f3d44bd2a7fb27a344c1f276",
    "id": "TextArea0ibe6eb9e2c5144",
    "info": null,
    "iscustomlayout": false,
    "isvisible": true,
    "keyboardstyle": "A",
    "keyboardtype": "A",
    "kuid": "fbec1f72d5224383a013ba2c703ffd06",
    "mode": "A",
    "name": "kony.ui.TextArea2",
    "numberofvisiblelines": 3,
    "parent": "popup",
    "pf": "frmHome",
    "retaincontentalignment": false,
    "retainflexpositionproperties": false,
    "securetextentry": false,
    "showoprogressindicator": false,
    "showprogressindicator": false,
    "tabrcandroid": {
        "psp": {
            "placeholderSkin": "s7e93ff0927f456c9ec1093db4b7fa2e"
        }
    },
    "textinputmode": "A",
    "tooltip": "",
    "viewtype": "default",
    "wType": "TextArea",
    "zindex": 1
}