{
    "AS_Button_37686bf8a62c4a1ab2da9748e12edad9": {
        "id": "AS_Button_37686bf8a62c4a1ab2da9748e12edad9",
        "type": "ACTION_SEQUENCE",
        "params": [{
            "datatype": "collection",
            "name": "eventobject"
        }],
        "contextObj": {
            "KUID": "b5bc4ae5a5d7493a835f70ca6d21d9ef",
            "name": "Outlook",
            "platform": "",
            "type": "forms"
        },
        "language": "js",
        "actions": [{
            "id": "INVOKE_FUNCTION___eaea7be903724441917f9d4e2bbaeb4b",
            "type": "INVOKE_FUNCTION",
            "sequenceKUID": "invokeMove",
            "display": "invokeMove",
            "inputparams": [],
            "parentId": null,
            "callbackType": null,
            "source": "module"
        }]
    }
}