{
    "AS_FlexContainer_c125509932694d6da5707fd0cda192c7": {
        "id": "AS_FlexContainer_c125509932694d6da5707fd0cda192c7",
        "type": "ACTION_SEQUENCE",
        "params": [{
            "datatype": "collection",
            "name": "eventobject"
        }, {
            "datatype": "string",
            "name": "x"
        }, {
            "datatype": "string",
            "name": "y"
        }],
        "contextObj": {
            "KUID": "b5bc4ae5a5d7493a835f70ca6d21d9ef",
            "name": "Outlook",
            "platform": "",
            "type": "forms"
        },
        "language": "js",
        "actions": [{
            "id": "INVOKE_FUNCTION___91276fb8952b4584bc208cd3c8f1319d",
            "type": "INVOKE_FUNCTION",
            "sequenceKUID": "touchStart",
            "display": "touchStart",
            "inputparams": [{
                "name": "source"
            }, {
                "name": "x"
            }, {
                "name": "y"
            }],
            "parentId": null,
            "callbackType": null,
            "source": "module"
        }]
    }
}