{
    "AS_Form_303c5d032ab34b15993df90dbbaba50e": {
        "id": "AS_Form_303c5d032ab34b15993df90dbbaba50e",
        "type": "ACTION_SEQUENCE",
        "params": [{
            "datatype": "collection",
            "name": "eventobject"
        }],
        "contextObj": {
            "KUID": "b5bc4ae5a5d7493a835f70ca6d21d9ef",
            "name": "Outlook",
            "platform": "",
            "type": "forms"
        },
        "language": "js",
        "actions": [{
            "id": "ADD_SNIPPET__3473f0b21a6f478aa84a392db9b33fb5",
            "type": "ADD_SNIPPET",
            "codeSnippet": "",
            "parentId": null,
            "callbackType": null
        }]
    }
}