{
    "AS_FlexContainer_ce1db95d32c24b219474498755e38b14": {
        "id": "AS_FlexContainer_ce1db95d32c24b219474498755e38b14",
        "type": "ACTION_SEQUENCE",
        "params": [{
            "datatype": "collection",
            "name": "eventobject"
        }, {
            "datatype": "string",
            "name": "x"
        }, {
            "datatype": "string",
            "name": "y"
        }],
        "contextObj": {
            "KUID": "b5bc4ae5a5d7493a835f70ca6d21d9ef",
            "name": "Outlook",
            "platform": "",
            "type": "forms"
        },
        "language": "js",
        "actions": [{
            "id": "INVOKE_FUNCTION___7750fd5584304e1cbe92c3ba315c7091",
            "type": "INVOKE_FUNCTION",
            "sequenceKUID": "touchEnd",
            "display": "touchEnd",
            "inputparams": [{
                "name": "source"
            }, {
                "name": "x"
            }, {
                "name": "y"
            }],
            "parentId": null,
            "callbackType": null,
            "source": "module"
        }]
    }
}