{
    "AS_FlexContainer_cd3adb5eeb204880a151210a333471d1": {
        "id": "AS_FlexContainer_cd3adb5eeb204880a151210a333471d1",
        "type": "ACTION_SEQUENCE",
        "params": [{
            "datatype": "collection",
            "name": "eventobject"
        }, {
            "datatype": "string",
            "name": "x"
        }, {
            "datatype": "string",
            "name": "y"
        }],
        "contextObj": {
            "KUID": "b5bc4ae5a5d7493a835f70ca6d21d9ef",
            "name": "Outlook",
            "platform": "",
            "type": "forms"
        },
        "language": "js",
        "actions": []
    }
}