{
    "AS_Form_982944321ee545939da0c605f95446b4": {
        "id": "AS_Form_982944321ee545939da0c605f95446b4",
        "type": "ACTION_SEQUENCE",
        "params": [{
            "datatype": "collection",
            "name": "eventobject"
        }],
        "contextObj": {
            "KUID": "b5bc4ae5a5d7493a835f70ca6d21d9ef",
            "name": "Outlook",
            "platform": "",
            "type": "forms"
        },
        "language": "js",
        "actions": [{
            "id": "ADD_SNIPPET__2bb02cc7909f4e948f4edde638f34bae",
            "type": "ADD_SNIPPET",
            "codeSnippet": "/*function testfrm_testfrm_onTouchStart_seq0(eventobject, x, y) {\nvar getLeft = Form01.Flex01.left;\nvar delta1=250;\nvar delta=parseInt(delta1);\nvar left= parseInt((getLeft.split('dp'))[0]);\nForm01.Flex01.left = left + delta + \"dp\";\n  Form01.forceLayout();\n}\nForm01.Flex02.onTouchMove=testfrm_testfrm_onTouchStart_seq0;*/",
            "parentId": null,
            "callbackType": null
        }]
    }
}