{
    "AS_FlexContainer_6226d99bda8046e6b85d3df47548f93e": {
        "id": "AS_FlexContainer_6226d99bda8046e6b85d3df47548f93e",
        "type": "ACTION_SEQUENCE",
        "params": [{
            "datatype": "collection",
            "name": "eventobject"
        }],
        "contextObj": {
            "KUID": "b5bc4ae5a5d7493a835f70ca6d21d9ef",
            "name": "Outlook",
            "platform": "",
            "type": "forms"
        },
        "language": "js",
        "actions": [{
            "id": "ADD_SNIPPET__cf7b1909be7f404e8f04660ef2b210b7",
            "type": "ADD_SNIPPET",
            "codeSnippet": "/*\nif(flag==1)\n  {\n    var animationdef = {\n\t\t0: {left: 0}, // transform: transformObject1},\n\t\t100: {left: -350} // transform: transformObject2}\n\t};\n\t\n\tvar animDef = kony.ui.createAnimation(animationdef);\n\tvar animationConfig =    { \n\t\tduration: 2,\n\t    fillMode: kony.anim.FILL_MODE_FORWARDS,\n\t    \"iterationCount\":1\n    };\n    \n    function onAnimStart(){\n\t\t\t\t\t\t//\talert(\"animation start!\");\n\t\t\t\t\t\t}\n\t\t\t\t\t\t\n    function onAnimEnd(){\n\t\t\t\t\t\t  //alert(\"animation end!\");\n\t\t\t\t\t\t}\n    \n\tvar callBack = {\n\t\t\t\t\t\t\tanimationStart: onAnimStart,\n\t\t\t\t\t\t\tanimationEnd: onAnimEnd\n\t\t\t\t\t\t};\n\t\n\tForm01.Flex01.animate(animDef, animationConfig, callBack);\n    \n    flag=0;\n    \n  }*/",
            "parentId": null,
            "callbackType": null
        }]
    }
}