{
    "@class": "com.kony.gen.viz.model.container.KVizTab",
    "DNDConfig": null,
    "_height_": {
        "type": "string",
        "value": "400dp"
    },
    "_image_": null,
    "_margin_": [
        0,
        0,
        0,
        0
    ],
    "_orientation_": 6,
    "_padding_": [
        0,
        0,
        0,
        0
    ],
    "_percent_": true,
    "_skin_": "s084b620e01a45c0be4713062550d8e7",
    "_width_": {
        "type": "string",
        "value": "100%"
    },
    "allboxes": [],
    "canUpdateUI": true,
    "children": [
        "imgRecipe",
        "lblBar"
    ],
    "clipbounds": true,
    "containerweight": 100,
    "enablescrolling": true,
    "id": "About",
    "info": null,
    "iscustomlayout": false,
    "isvisible": true,
    "kuid": "i99092cb1fd849ed9f8f2382e6dcf5e6",
    "layouttype": 2,
    "margininpixel": false,
    "name": "kony.ui.Tab",
    "oninit": null,
    "paddinginpixel": false,
    "parent": "fatherTab",
    "pf": "frmRecipe",
    "retaincontentalignment": false,
    "retainflexpositionproperties": false,
    "scrolldirection": 1,
    "snapgridsize": 10,
    "snaptogrid": true,
    "tabname": "About",
    "tabpaneId": "fatherTab",
    "wType": "Tab"
}