{
    "DNDConfig": null,
    "__parentReadjusting__": false,
    "_height_": {
        "type": "string",
        "value": "41dp"
    },
    "_left_": {
        "type": "string",
        "value": "0dp"
    },
    "_margin_": [
        0,
        0,
        0,
        0
    ],
    "_orientation_": 6,
    "_padding_": [
        0,
        0,
        0,
        0
    ],
    "_percent_": true,
    "_skin_": "sf1bfba57f394ee4b7d9f88ba3774286",
    "_top_": {
        "type": "string",
        "value": "29dp"
    },
    "_width_": {
        "type": "string",
        "value": "100.06%"
    },
    "allboxes": [],
    "autogrowmode": 0,
    "canUpdateUI": true,
    "centerx": {
        "type": "string",
        "value": "50%"
    },
    "children": [
        "CopylblTiming0f8b4303baa9e4b",
        "CopylblIg0c9136cace16f46",
        "CopylblIs0fe131b9be08f4f"
    ],
    "clipbounds": true,
    "containerweight": 100,
    "enablescrolling": true,
    "id": "CopylblBar0c8f73132294e4d",
    "info": null,
    "iscustomlayout": false,
    "isvisible": true,
    "kuid": "c3de4ebec1d44856b12a32406531b5ef",
    "layouttype": 3,
    "name": "kony.ui.FlexContainer",
    "parent": "Ingredients",
    "pf": "frmRecipe",
    "retaincontentalignment": false,
    "retainflexpositionproperties": false,
    "snapgridsize": 10,
    "snaptogrid": true,
    "tabpaneId": "fatherTab",
    "wType": "FlexContainer",
    "widgetalignment": 1,
    "zindex": 2
}