{
    "DNDConfig": null,
    "__parentReadjusting__": false,
    "_height_": {
        "type": "string",
        "value": "41dp"
    },
    "_left_": {
        "type": "string",
        "value": "0dp"
    },
    "_margin_": [
        0,
        0,
        0,
        0
    ],
    "_orientation_": 6,
    "_padding_": [
        0,
        0,
        0,
        0
    ],
    "_percent_": true,
    "_skin_": "sf1bfba57f394ee4b7d9f88ba3774286",
    "_top_": {
        "type": "string",
        "value": "29dp"
    },
    "_width_": {
        "type": "string",
        "value": "100.06%"
    },
    "allboxes": [],
    "autogrowmode": 0,
    "canUpdateUI": true,
    "centerx": {
        "type": "string",
        "value": "50%"
    },
    "children": [
        "CopylblTiming0b10d81548a2c4d",
        "CopylblIg0aa230b675c5645",
        "CopylblIs0i2691a6f3b1d4c"
    ],
    "clipbounds": true,
    "containerweight": 100,
    "enablescrolling": true,
    "id": "CopylblBar0c118fdd9248549",
    "info": null,
    "iscustomlayout": false,
    "isvisible": true,
    "kuid": "d627b4cd3823454eb4a473609a832602",
    "layouttype": 3,
    "name": "kony.ui.FlexContainer",
    "parent": "Directions",
    "pf": "frmRecipe",
    "retaincontentalignment": false,
    "retainflexpositionproperties": false,
    "snapgridsize": 10,
    "snaptogrid": true,
    "tabpaneId": "fatherTab",
    "wType": "FlexContainer",
    "widgetalignment": 1,
    "zindex": 2
}